"fdc_id","NDB_number"
"167747","9152"
"167762","9316"
"167765","9326"
"167889","10194"
"167892","10197"
"168147","48052"
"168149","83110"
"168153","9148"
"168162","9291"
"168165","9298"
"168191","9421"
"168195","9433"
"168409","11205"
"168411","11212"
"168457","11445"
"168458","11446"
"168462","11457"
"168463","11458"
"168482","11507"
"168483","11508"
"168740","13968"
"168746","14003"
"168894","20081"
"168897","20089"
"168907","20115"
"168910","20125"
"168914","20134"
"168917","20137"
"168918","20143"
"169094","9193"
"169097","9200"
"169098","9206"
"169118","9252"
"169124","9266"
"169130","9277"
"169134","9286"
"169225","11206"
"169228","11209"
"169230","11215"
"169242","11238"
"169247","11251"
"169248","11252"
"169251","11260"
"169276","11429"
"169279","11439"
"169282","11450"
"169291","11477"
"169295","11485"
"169414","12220"
"169640","19296"
"169641","19297"
"169655","19335"
"169661","19353"
"169697","20020"
"169699","20028"
"169700","20029"
"169702","20031"
"169703","20036"
"169704","20037"
"169705","20038"
"169708","20047"
"169716","20067"
"169717","20068"
"169736","20120"
"169737","20121"
"169742","20133"
"169745","20140"
"169746","20141"
"169753","20345"
"169756","20444"
"169757","20445"
"169906","43325"
"169910","9176"
"169926","9226"
"169928","9236"
"169975","11109"
"169985","11134"
"169986","11135"
"169988","11143"
"169991","11147"
"169998","11167"
"170000","11282"
"170150","12023"
"170162","12087"
"170187","12155"
"170189","12166"
"170273","19904"
"170276","19911"
"170375","11086"
"170377","11088"
"170378","11089"
"170379","11090"
"170383","11098"
"170390","11116"
"170392","11118"
"170393","11124"
"170416","11297"
"170419","11304"
"170420","11305"
"170427","11333"
"170434","11357"
"170438","11365"
"170440","11367"
"170457","11529"
"170459","11546"
"170554","12006"
"170556","12014"
"170562","12036"
"170567","12061"
"170569","12078"
"170686","20010"
"170688","20012"
"170882","1109"
"170886","1117"
"171067","5043"
"171069","5045"
"171243","1024"
"171244","1029"
"171247","1032"
"171248","1037"
"171250","1039"
"171251","1040"
"171265","1077"
"171267","1079"
"171269","1085"
"171278","1106"
"171279","1107"
"171284","1116"
"171287","1123"
"171403","4018"
"171410","4042"
"171411","4044"
"171412","4047"
"171413","4053"
"171477","5064"
"171479","5166"
"171480","5167"
"171481","5168"
"171486","5177"
"171688","9003"
"171697","9021"
"171705","9037"
"171711","9050"
"171719","9070"
"171881","14180"
"171889","14201"
"171890","14209"
"171891","14210"
"171952","15008"
"171955","15015"
"171956","15016"
"172175","1004"
"172177","1006"
"172178","1007"
"172179","1012"
"172183","1124"
"172184","1125"
"172420","16069"
"172421","16070"
"172428","16085"
"172429","16086"
"172430","16087"
"172442","16112"
"172443","16113"
"172446","16120"
"172475","16426"
"172476","16427"
"172479","17001"
"172480","17002"
"172684","18060"
"172686","18064"
"172688","18075"
"173176","14057"
"173180","14066"
"173181","14067"
"173185","14084"
"173190","14096"
"173227","14355"
"173407","23239"
"173410","1001"
"173414","1009"
"173418","1017"
"173419","1018"
"173420","1019"
"173423","1128"
"173424","1129"
"173462","1226"
"173468","2047"
"173469","2048"
"173668","15042"
"173672","15050"
"173686","15076"
"173687","15077"
"173734","16014"
"173735","16015"
"173740","16028"
"173746","16038"
"173904","8120"
"173905","8121"
"173944","9040"
"173946","9042"
"174266","16098"
"174270","16108"
"174271","16109"
"174272","16114"
"174277","16123"
"174278","16124"
"174280","16132"
"174665","9094"
"174673","9112"
"174683","9132"
"174815","14037"
"175129","15065"
"175132","15072"
"175139","15088"
"175156","15123"
"175158","15126"
"175159","15127"
"175164","15136"
"175165","15234"
"175167","15236"
"175168","15237"
"175169","15242"
"175205","16052"
