"fdc_id","data_type","description","food_category_id","publication_date"
"1097588","survey_fndds_food","Tzatziki dip","","2020-10-30"
"1098340","survey_fndds_food","Lamb, NS as to cut, cooked","","2020-10-30"
"1098945","survey_fndds_food","Porgy, raw","","2020-10-30"
"1099246","survey_fndds_food","Chicken curry","","2020-10-30"
"1099366","survey_fndds_food","Biryani with chicken","","2020-10-30"
"1099887","survey_fndds_food","Turkey sandwich, with spread","","2020-10-30"
"1100099","survey_fndds_food","Pho","","2020-10-30"
"1100445","survey_fndds_food","Lentil curry","","2020-10-30"
"1100471","survey_fndds_food","Soybean soup, miso broth","","2020-10-30"
"1100746","survey_fndds_food","Bread, paratha, wheat","","2020-10-30"
"1101518","survey_fndds_food","Dosa (Indian), plain","","2020-10-30"
"1101639","survey_fndds_food","Congee","","2020-10-30"
"1101643","survey_fndds_food","Rice, white, cooked, glutinous","","2020-10-30"
"1101887","survey_fndds_food","Taco or tostada with meat","","2020-10-30"
"1101924","survey_fndds_food","Tamale with chicken","","2020-10-30"
"1101947","survey_fndds_food","Quesadilla, just cheese, meatless","","2020-10-30"
"1102188","survey_fndds_food","Pad Thai, NFS","","2020-10-30"
"1102335","survey_fndds_food","Bibimbap, Korean","","2020-10-30"
"1102453","survey_fndds_food","Grape leaves stuffed with rice","","2020-10-30"
"1102520","survey_fndds_food","Tabbouleh","","2020-10-30"
"1102734","survey_fndds_food","Guacamole, NFS","","2020-10-30"
"1103638","survey_fndds_food","Eggplant dip","","2020-10-30"
"1103678","survey_fndds_food","Olives, NFS","","2020-10-30"
"1103698","survey_fndds_food","Borscht","","2020-10-30"
"1103724","survey_fndds_food","Seaweed soup","","2020-10-30"
