"id","fdc_id","nutrient_id","amount","data_points","derivation_id","min","max","median","sf.footnote","min_year_acquired"
"12880346","1097588","1276","0","","","","","","",""
"12880314","1097588","1122","0","","","","","","",""
"12880305","1097588","1098","0.027","","","","","","",""
"12880343","1097588","1271","0","","","","","","",""
"12880323","1097588","1180","11","","","","","","",""
"12880349","1097588","1279","0","","","","","","",""
"12880311","1097588","1109","0.52","","","","","","",""
"12880290","1097588","1005","3.95","","","","","","",""
"12880350","1097588","1280","0","","","","","","",""
"12880297","1097588","1079","0.2","","","","","","",""
"12880341","1097588","1269","0.467","","","","","","",""
"12880289","1097588","1004","6.31","","","","","","",""
"12880351","1097588","1292","3.724","","","","","","",""
"12880306","1097588","1103","5.7","","","","","","",""
"12880291","1097588","1008","92","","","","","","",""
"12880345","1097588","1275","0.071","","","","","","",""
"12880321","1097588","1177","6","","","","","","",""
"12880339","1097588","1266","0.306","","","","","","",""
"12880352","1097588","1293","0.641","","","","","","",""
"12880288","1097588","1003","5.35","","","","","","",""
"12880307","1097588","1105","1","","","","","","",""
"12880308","1097588","1106","3","","","","","","",""
"12880330","1097588","1253","7","","","","","","",""
"12880324","1097588","1185","8.2","","","","","","",""
"12880322","1097588","1178","0.42","","","","","","",""
"12880337","1097588","1264","0.179","","","","","","",""
"12880333","1097588","1260","0.029","","","","","","",""
"12880292","1097588","1018","0","","","","","","",""
"12880329","1097588","1246","0","","","","","","",""
"12880342","1097588","1270","0.041","","","","","","",""
"12880340","1097588","1268","3.023","","","","","","",""
"12880294","1097588","1057","0","","","","","","",""
"12880293","1097588","1051","83.08","","","","","","",""
"12880300","1097588","1090","11","","","","","","",""
"12880318","1097588","1166","0.169","","","","","","",""
"12880299","1097588","1089","0.14","","","","","","",""
"12880295","1097588","1058","0","","","","","","",""
"12880313","1097588","1120","10","","","","","","",""
"12880310","1097588","1108","4","","","","","","",""
"12880309","1097588","1107","21","","","","","","",""
"12880335","1097588","1262","0.149","","","","","","",""
"12880332","1097588","1259","0","","","","","","",""
"12880301","1097588","1091","86","","","","","","",""
"12880327","1097588","1190","6","","","","","","",""
"12880331","1097588","1258","1.838","","","","","","",""
"12880336","1097588","1263","0.071","","","","","","",""
"12880334","1097588","1261","0.048","","","","","","",""
"12880348","1097588","1278","0","","","","","","",""
"12880320","1097588","1175","0.06","","","","","","",""
"12880347","1097588","1277","0.03","","","","","","",""
"12880303","1097588","1093","307","","","","","","",""
"12880328","1097588","1242","0","","","","","","",""
"12880298","1097588","1087","64","","","","","","",""
"12880338","1097588","1265","0.963","","","","","","",""
"12880316","1097588","1162","2","","","","","","",""
"12880319","1097588","1167","0.16","","","","","","",""
"12880302","1097588","1092","139","","","","","","",""
"12880296","1097588","2000","2.92","","","","","","",""
"12880304","1097588","1095","0.38","","","","","","",""
"12880344","1097588","1272","0.002","","","","","","",""
"12880325","1097588","1186","0","","","","","","",""
"12880326","1097588","1187","6","","","","","","",""
"12880312","1097588","1114","0","","","","","","",""
"12880317","1097588","1165","0.025","","","","","","",""
"12880315","1097588","1123","9","","","","","","",""
"12929197","1098340","1165","0.099","","","","","","",""
"12929203","1098340","1180","92.9","","","","","","",""
"12929175","1098340","1058","0","","","","","","",""
"12929178","1098340","1087","17","","","","","","",""
"12929186","1098340","1103","26.2","","","","","","",""
"12929231","1098340","1292","8.747","","","","","","",""
"12929169","1098340","1004","20.77","","","","","","",""
"12929185","1098340","1098","0.118","","","","","","",""
"12929222","1098340","1270","0.298","","","","","","",""
"12929189","1098340","1107","0","","","","","","",""
"12929171","1098340","1008","292","","","","","","",""
"12929227","1098340","1277","0","","","","","","",""
"12929180","1098340","1090","23","","","","","","",""
"12929225","1098340","1275","0.605","","","","","","",""
"12929213","1098340","1260","0","","","","","","",""
"12929188","1098340","1106","0","","","","","","",""
"12929226","1098340","1276","0","","","","","","",""
"12929215","1098340","1262","0.05","","","","","","",""
"12929179","1098340","1089","1.86","","","","","","",""
"12929219","1098340","1266","2.816","","","","","","",""
"12929206","1098340","1187","18","","","","","","",""
"12929170","1098340","1005","0","","","","","","",""
"12929182","1098340","1092","307","","","","","","",""
"12929229","1098340","1279","0","","","","","","",""
"12929224","1098340","1272","0","","","","","","",""
"12929221","1098340","1269","1.131","","","","","","",""
"12929200","1098340","1175","0.129","","","","","","",""
"12929205","1098340","1186","0","","","","","","",""
"12929176","1098340","2000","0","","","","","","",""
"12929210","1098340","1253","96","","","","","","",""
"12929218","1098340","1265","4.443","","","","","","",""
"12929217","1098340","1264","0.813","","","","","","",""
"12929190","1098340","1108","0","","","","","","",""
"12929209","1098340","1246","0","","","","","","",""
"12929212","1098340","1259","0","","","","","","",""
"12929195","1098340","1123","0","","","","","","",""
"12929168","1098340","1003","24.32","","","","","","",""
"12929198","1098340","1166","0.248","","","","","","",""
"12929220","1098340","1268","7.933","","","","","","",""
"12929194","1098340","1122","0","","","","","","",""
"12929223","1098340","1271","0.069","","","","","","",""
"12929193","1098340","1120","0","","","","","","",""
"12929216","1098340","1263","0.089","","","","","","",""
"12929199","1098340","1167","6.605","","","","","","",""
"12929202","1098340","1178","2.53","","","","","","",""
"12929177","1098340","1079","0","","","","","","",""
"12929187","1098340","1105","0","","","","","","",""
"12929181","1098340","1091","186","","","","","","",""
"12929201","1098340","1177","18","","","","","","",""
"12929230","1098340","1280","0","","","","","","",""
"12929174","1098340","1057","0","","","","","","",""
"12929184","1098340","1095","4.42","","","","","","",""
"12929214","1098340","1261","0","","","","","","",""
"12929228","1098340","1278","0","","","","","","",""
"12929204","1098340","1185","4.6","","","","","","",""
"12929207","1098340","1190","18","","","","","","",""
"12929173","1098340","1051","53.28","","","","","","",""
"12929208","1098340","1242","0","","","","","","",""
"12929211","1098340","1258","8.756","","","","","","",""
"12929232","1098340","1293","1.497","","","","","","",""
"12929191","1098340","1109","0.14","","","","","","",""
"12929192","1098340","1114","0.1","","","","","","",""
"12929196","1098340","1162","0","","","","","","",""
"12929183","1098340","1093","394","","","","","","",""
"12929172","1098340","1018","0","","","","","","",""
"12968508","1098945","1093","42","","","","","","",""
"12968521","1098945","1162","0","","","","","","",""
"12968524","1098945","1167","4.1","","","","","","",""
"12968553","1098945","1278","0.104","","","","","","",""
"12968536","1098945","1258","0.64","","","","","","",""
"12968519","1098945","1122","0","","","","","","",""
"12968501","1098945","2000","0","","","","","","",""
"12968512","1098945","1105","27","","","","","","",""
"12968526","1098945","1177","15","","","","","","",""
"12968547","1098945","1270","0.008","","","","","","",""
"12968543","1098945","1265","0","","","","","","",""
"12968549","1098945","1272","0.53","","","","","","",""
"12968502","1098945","1079","0","","","","","","",""
"12968516","1098945","1109","0.5","","","","","","",""
"12968531","1098945","1187","15","","","","","","",""
"12968522","1098945","1165","0.11","","","","","","",""
"12968534","1098945","1246","0","","","","","","",""
"12968548","1098945","1271","0.1","","","","","","",""
"12968544","1098945","1266","0","","","","","","",""
"12968495","1098945","1005","0","","","","","","",""
"12968535","1098945","1253","52","","","","","","",""
"12968555","1098945","1280","0.132","","","","","","",""
"12968518","1098945","1120","0","","","","","","",""
"12968509","1098945","1095","0.48","","","","","","",""
"12968515","1098945","1108","0","","","","","","",""
"12968540","1098945","1262","0","","","","","","",""
"12968510","1098945","1098","0.051","","","","","","",""
"12968550","1098945","1275","0","","","","","","",""
"12968499","1098945","1057","0","","","","","","",""
"12968520","1098945","1123","0","","","","","","",""
"12968505","1098945","1090","23","","","","","","",""
"12968529","1098945","1185","0.1","","","","","","",""
"12968513","1098945","1106","27","","","","","","",""
"12968530","1098945","1186","0","","","","","","",""
"12968523","1098945","1166","0.1","","","","","","",""
"12968493","1098945","1003","18.88","","","","","","",""
"12968500","1098945","1058","0","","","","","","",""
"12968557","1098945","1293","1.03","","","","","","",""
"12968546","1098945","1269","0.039","","","","","","",""
"12968542","1098945","1264","0","","","","","","",""
"12968517","1098945","1114","1.2","","","","","","",""
"12968537","1098945","1259","0","","","","","","",""
"12968503","1098945","1087","40","","","","","","",""
"12968551","1098945","1276","0.018","","","","","","",""
"12968496","1098945","1008","105","","","","","","",""
"12968511","1098945","1103","36.5","","","","","","",""
"12968494","1098945","1004","2.73","","","","","","",""
"12968506","1098945","1091","185","","","","","","",""
"12968556","1098945","1292","0.56","","","","","","",""
"12968497","1098945","1018","0","","","","","","",""
"12968507","1098945","1092","287","","","","","","",""
"12968538","1098945","1260","0","","","","","","",""
"12968554","1098945","1279","0","","","","","","",""
"12968528","1098945","1180","65","","","","","","",""
"12968533","1098945","1242","0","","","","","","",""
"12968514","1098945","1107","0","","","","","","",""
"12968541","1098945","1263","0","","","","","","",""
"12968504","1098945","1089","0.53","","","","","","",""
"12968545","1098945","1268","0","","","","","","",""
"12968539","1098945","1261","0","","","","","","",""
"12968498","1098945","1051","75.37","","","","","","",""
"12968552","1098945","1277","0","","","","","","",""
"12968525","1098945","1175","0.3","","","","","","",""
"12968527","1098945","1178","1.4","","","","","","",""
"12968532","1098945","1190","15","","","","","","",""
"12988116","1099246","1276","0","","","","","","",""
"12988075","1099246","1098","0.084","","","","","","",""
"12988093","1099246","1180","22.4","","","","","","",""
"12988065","1099246","1058","0","","","","","","",""
"12988092","1099246","1178","0.08","","","","","","",""
"12988108","1099246","1265","0.77","","","","","","",""
"12988096","1099246","1187","15","","","","","","",""
"12988098","1099246","1242","0","","","","","","",""
"12988060","1099246","1005","6.47","","","","","","",""
"12988077","1099246","1105","2","","","","","","",""
"12988111","1099246","1269","1.785","","","","","","",""
"12988058","1099246","1003","6.47","","","","","","",""
"12988099","1099246","1246","0","","","","","","",""
"12988070","1099246","1090","18","","","","","","",""
"12988064","1099246","1057","0","","","","","","",""
"12988097","1099246","1190","15","","","","","","",""
"12988067","1099246","1079","1.4","","","","","","",""
"12988106","1099246","1263","0.293","","","","","","",""
"12988114","1099246","1272","0","","","","","","",""
"12988107","1099246","1264","0.131","","","","","","",""
"12988105","1099246","1262","0.039","","","","","","",""
"12988100","1099246","1253","22","","","","","","",""
"12988081","1099246","1109","1.13","","","","","","",""
"12988061","1099246","1008","106","","","","","","",""
"12988101","1099246","1258","1.564","","","","","","",""
"12988068","1099246","1087","20","","","","","","",""
"12988059","1099246","1004","6.45","","","","","","",""
"12988063","1099246","1051","79.11","","","","","","",""
"12988079","1099246","1107","469","","","","","","",""
"12988073","1099246","1093","376","","","","","","",""
"12988062","1099246","1018","0","","","","","","",""
"12988082","1099246","1114","0","","","","","","",""
"12988095","1099246","1186","0","","","","","","",""
"12988121","1099246","1292","2.401","","","","","","",""
"12988094","1099246","1185","9.4","","","","","","",""
"12988104","1099246","1261","0.047","","","","","","",""
"12988088","1099246","1166","0.078","","","","","","",""
"12988112","1099246","1270","0.235","","","","","","",""
"12988069","1099246","1089","0.73","","","","","","",""
"12988071","1099246","1091","78","","","","","","",""
"12988080","1099246","1108","144","","","","","","",""
"12988122","1099246","1293","2.025","","","","","","",""
"12988119","1099246","1279","0","","","","","","",""
"12988086","1099246","1162","8.6","","","","","","",""
"12988118","1099246","1278","0","","","","","","",""
"12988078","1099246","1106","48","","","","","","",""
"12988117","1099246","1277","0.021","","","","","","",""
"12988083","1099246","1120","1","","","","","","",""
"12988110","1099246","1268","2.268","","","","","","",""
"12988087","1099246","1165","0.048","","","","","","",""
"12988089","1099246","1167","2.118","","","","","","",""
"12988072","1099246","1092","280","","","","","","",""
"12988120","1099246","1280","0","","","","","","",""
"12988066","1099246","2000","2.6","","","","","","",""
"12988084","1099246","1122","4521","","","","","","",""
"12988091","1099246","1177","15","","","","","","",""
"12988076","1099246","1103","5.3","","","","","","",""
"12988113","1099246","1271","0.004","","","","","","",""
"12988102","1099246","1259","0.003","","","","","","",""
"12988074","1099246","1095","0.53","","","","","","",""
"12988109","1099246","1266","0.24","","","","","","",""
"12988115","1099246","1275","0.107","","","","","","",""
"12988085","1099246","1123","95","","","","","","",""
"12988090","1099246","1175","0.15","","","","","","",""
"12988103","1099246","1260","0.005","","","","","","",""
"12995898","1099366","1242","0","","","","","","",""
"12995892","1099366","1178","0.12","","","","","","",""
"12995901","1099366","1258","0.956","","","","","","",""
"12995899","1099366","1246","0","","","","","","",""
"12995914","1099366","1272","0","","","","","","",""
"12995883","1099366","1120","5","","","","","","",""
"12995907","1099366","1264","0.099","","","","","","",""
"12995880","1099366","1108","2","","","","","","",""
"12995918","1099366","1278","0","","","","","","",""
"12995921","1099366","1292","0.81","","","","","","",""
"12995916","1099366","1276","0","","","","","","",""
"12995878","1099366","1106","19","","","","","","",""
"12995859","1099366","1004","2.36","","","","","","",""
"12995872","1099366","1092","256","","","","","","",""
"12995863","1099366","1051","75.91","","","","","","",""
"12995917","1099366","1277","0.005","","","","","","",""
"12995868","1099366","1087","34","","","","","","",""
"12995910","1099366","1268","0.702","","","","","","",""
"12995865","1099366","1058","0","","","","","","",""
"12995895","1099366","1186","11","","","","","","",""
"12995915","1099366","1275","0.102","","","","","","",""
"12995922","1099366","1293","0.259","","","","","","",""
"12995904","1099366","1261","0.014","","","","","","",""
"12995920","1099366","1280","0","","","","","","",""
"12995885","1099366","1123","51","","","","","","",""
"12995886","1099366","1162","6.3","","","","","","",""
"12995870","1099366","1090","19","","","","","","",""
"12995909","1099366","1266","0.172","","","","","","",""
"12995912","1099366","1270","0.023","","","","","","",""
"12995862","1099366","1018","0","","","","","","",""
"12995896","1099366","1187","11","","","","","","",""
"12995874","1099366","1095","0.63","","","","","","",""
"12995881","1099366","1109","0.32","","","","","","",""
"12995897","1099366","1190","30","","","","","","",""
"12995867","1099366","1079","1.1","","","","","","",""
"12995891","1099366","1177","23","","","","","","",""
"12995890","1099366","1175","0.177","","","","","","",""
"12995860","1099366","1005","13.57","","","","","","",""
"12995882","1099366","1114","0.1","","","","","","",""
"12995894","1099366","1185","5.5","","","","","","",""
"12995906","1099366","1263","0.032","","","","","","",""
"12995900","1099366","1253","25","","","","","","",""
"12995861","1099366","1008","103","","","","","","",""
"12995871","1099366","1091","93","","","","","","",""
"12995893","1099366","1180","20.2","","","","","","",""
"12995908","1099366","1265","0.535","","","","","","",""
"12995869","1099366","1089","0.84","","","","","","",""
"12995903","1099366","1260","0.023","","","","","","",""
"12995876","1099366","1103","6.9","","","","","","",""
"12995866","1099366","2000","1.87","","","","","","",""
"12995905","1099366","1262","0.03","","","","","","",""
"12995902","1099366","1259","0.036","","","","","","",""
"12995889","1099366","1167","2.213","","","","","","",""
"12995864","1099366","1057","0","","","","","","",""
"12995884","1099366","1122","310","","","","","","",""
"12995875","1099366","1098","0.072","","","","","","",""
"12995873","1099366","1093","162","","","","","","",""
"12995888","1099366","1166","0.079","","","","","","",""
"12995913","1099366","1271","0.004","","","","","","",""
"12995919","1099366","1279","0","","","","","","",""
"12995887","1099366","1165","0.073","","","","","","",""
"12995858","1099366","1003","7.15","","","","","","",""
"12995911","1099366","1269","0.231","","","","","","",""
"12995877","1099366","1105","12","","","","","","",""
"12995879","1099366","1107","73","","","","","","",""
"13029773","1099887","1265","0.972","","","","","","",""
"13029768","1099887","1260","0","","","","","","",""
"13029777","1099887","1270","0.354","","","","","","",""
"13029779","1099887","1272","0.003","","","","","","",""
"13029782","1099887","1277","0.024","","","","","","",""
"13029764","1099887","1246","0","","","","","","",""
"13029769","1099887","1261","0.002","","","","","","",""
"13029751","1099887","1162","0","","","","","","",""
"13029759","1099887","1185","7.6","","","","","","",""
"13029776","1099887","1269","2.954","","","","","","",""
"13029772","1099887","1264","0.029","","","","","","",""
"13029774","1099887","1266","0.425","","","","","","",""
"13029758","1099887","1180","58.1","","","","","","",""
"13029762","1099887","1190","70","","","","","","",""
"13029752","1099887","1165","0.219","","","","","","",""
"13029760","1099887","1186","32","","","","","","",""
"13029780","1099887","1275","0.078","","","","","","",""
"13029784","1099887","1279","0.001","","","","","","",""
"13029781","1099887","1276","0","","","","","","",""
"13029766","1099887","1258","1.503","","","","","","",""
"13029786","1099887","1292","1.777","","","","","","",""
"13029767","1099887","1259","0.002","","","","","","",""
"13029771","1099887","1263","0.012","","","","","","",""
"13029736","1099887","1091","171","","","","","","",""
"13029745","1099887","1108","0","","","","","","",""
"13029727","1099887","1018","0","","","","","","",""
"13029747","1099887","1114","0.2","","","","","","",""
"13029726","1099887","1008","225","","","","","","",""
"13029724","1099887","1004","7.03","","","","","","",""
"13029743","1099887","1106","3","","","","","","",""
"13029738","1099887","1093","346","","","","","","",""
"13029735","1099887","1090","27","","","","","","",""
"13029728","1099887","1051","52.76","","","","","","",""
"13029744","1099887","1107","0","","","","","","",""
"13029729","1099887","1057","0","","","","","","",""
"13029725","1099887","1005","18.61","","","","","","",""
"13029732","1099887","1079","0.9","","","","","","",""
"13029741","1099887","1103","26.5","","","","","","",""
"13029730","1099887","1058","0","","","","","","",""
"13029734","1099887","1089","1.87","","","","","","",""
"13029737","1099887","1092","182","","","","","","",""
"13029733","1099887","1087","88","","","","","","",""
"13029742","1099887","1105","3","","","","","","",""
"13029740","1099887","1098","0.1","","","","","","",""
"13029731","1099887","2000","2.04","","","","","","",""
"13029746","1099887","1109","0.27","","","","","","",""
"13029723","1099887","1003","20.28","","","","","","",""
"13029739","1099887","1095","1.78","","","","","","",""
"13029756","1099887","1177","47","","","","","","",""
"13029754","1099887","1167","7.249","","","","","","",""
"13029787","1099887","1293","3.371","","","","","","",""
"13029778","1099887","1271","0.039","","","","","","",""
"13029748","1099887","1120","0","","","","","","",""
"13029755","1099887","1175","0.404","","","","","","",""
"13029775","1099887","1268","1.675","","","","","","",""
"13029765","1099887","1253","60","","","","","","",""
"13029763","1099887","1242","0","","","","","","",""
"13029757","1099887","1178","0.55","","","","","","",""
"13029783","1099887","1278","0.005","","","","","","",""
"13029749","1099887","1122","0","","","","","","",""
"13029770","1099887","1262","0.005","","","","","","",""
"13029785","1099887","1280","0.003","","","","","","",""
"13029750","1099887","1123","17","","","","","","",""
"13029761","1099887","1187","15","","","","","","",""
"13029753","1099887","1166","0.252","","","","","","",""
"13043529","1100099","1122","0","","","","","","",""
"13043530","1100099","1123","35","","","","","","",""
"13043553","1100099","1265","0.421","","","","","","",""
"13043506","1100099","1008","88","","","","","","",""
"13043533","1100099","1166","0.052","","","","","","",""
"13043517","1100099","1092","99","","","","","","",""
"13043509","1100099","1057","0","","","","","","",""
"13043566","1100099","1292","0.904","","","","","","",""
"13043554","1100099","1266","0.196","","","","","","",""
"13043508","1100099","1051","79.89","","","","","","",""
"13043550","1100099","1262","0.003","","","","","","",""
"13043535","1100099","1175","0.065","","","","","","",""
"13043551","1100099","1263","0.003","","","","","","",""
"13043507","1100099","1018","0","","","","","","",""
"13043522","1100099","1105","0","","","","","","",""
"13043552","1100099","1264","0.045","","","","","","",""
"13043521","1100099","1103","6.7","","","","","","",""
"13043534","1100099","1167","1.059","","","","","","",""
"13043559","1100099","1272","0","","","","","","",""
"13043555","1100099","1268","0.84","","","","","","",""
"13043516","1100099","1091","47","","","","","","",""
"13043536","1100099","1177","5","","","","","","",""
"13043503","1100099","1003","6.15","","","","","","",""
"13043519","1100099","1095","0.7","","","","","","",""
"13043539","1100099","1185","7.1","","","","","","",""
"13043528","1100099","1120","3","","","","","","",""
"13043544","1100099","1246","0","","","","","","",""
"13043545","1100099","1253","12","","","","","","",""
"13043518","1100099","1093","403","","","","","","",""
"13043540","1100099","1186","0","","","","","","",""
"13043567","1100099","1293","0.359","","","","","","",""
"13043558","1100099","1271","0.004","","","","","","",""
"13043531","1100099","1162","1.5","","","","","","",""
"13043548","1100099","1260","0","","","","","","",""
"13043520","1100099","1098","0.039","","","","","","",""
"13043537","1100099","1178","0.4","","","","","","",""
"13043505","1100099","1005","10.41","","","","","","",""
"13043532","1100099","1165","0.021","","","","","","",""
"13043523","1100099","1106","4","","","","","","",""
"13043557","1100099","1270","0.049","","","","","","",""
"13043504","1100099","1004","2.26","","","","","","",""
"13043511","1100099","2000","0.77","","","","","","",""
"13043564","1100099","1279","0","","","","","","",""
"13043549","1100099","1261","0","","","","","","",""
"13043565","1100099","1280","0.002","","","","","","",""
"13043562","1100099","1277","0.004","","","","","","",""
"13043543","1100099","1242","0","","","","","","",""
"13043560","1100099","1275","0.059","","","","","","",""
"13043561","1100099","1276","0","","","","","","",""
"13043527","1100099","1114","0","","","","","","",""
"13043513","1100099","1087","11","","","","","","",""
"13043525","1100099","1108","1","","","","","","",""
"13043524","1100099","1107","47","","","","","","",""
"13043510","1100099","1058","0","","","","","","",""
"13043563","1100099","1278","0","","","","","","",""
"13043541","1100099","1187","5","","","","","","",""
"13043556","1100099","1269","0.304","","","","","","",""
"13043512","1100099","1079","0.6","","","","","","",""
"13043514","1100099","1089","0.66","","","","","","",""
"13043526","1100099","1109","0.17","","","","","","",""
"13043538","1100099","1180","20.6","","","","","","",""
"13043542","1100099","1190","5","","","","","","",""
"13043546","1100099","1258","0.672","","","","","","",""
"13043515","1100099","1090","10","","","","","","",""
"13043547","1100099","1259","0","","","","","","",""
"13066041","1100445","1263","0.292","","","","","","",""
"13066016","1100445","1109","1.09","","","","","","",""
"13065997","1100445","1018","0","","","","","","",""
"13066029","1100445","1185","9.4","","","","","","",""
"13066033","1100445","1242","0","","","","","","",""
"13066028","1100445","1180","19.1","","","","","","",""
"13066040","1100445","1262","0.039","","","","","","",""
"13066008","1100445","1093","383","","","","","","",""
"13066037","1100445","1259","0.003","","","","","","",""
"13066027","1100445","1178","0.01","","","","","","",""
"13066002","1100445","1079","3.4","","","","","","",""
"13066045","1100445","1268","1.922","","","","","","",""
"13066047","1100445","1270","0.235","","","","","","",""
"13066056","1100445","1292","1.962","","","","","","",""
"13066005","1100445","1090","23","","","","","","",""
"13065995","1100445","1005","12.28","","","","","","",""
"13066023","1100445","1166","0.058","","","","","","",""
"13066042","1100445","1264","0.125","","","","","","",""
"13066035","1100445","1253","0","","","","","","",""
"13066006","1100445","1091","78","","","","","","",""
"13066026","1100445","1177","62","","","","","","",""
"13066055","1100445","1280","0","","","","","","",""
"13066043","1100445","1265","0.556","","","","","","",""
"13065993","1100445","1003","3.67","","","","","","",""
"13066049","1100445","1272","0","","","","","","",""
"13066004","1100445","1089","1.44","","","","","","",""
"13066050","1100445","1275","0.019","","","","","","",""
"13066003","1100445","1087","25","","","","","","",""
"13065998","1100445","1051","76.73","","","","","","",""
"13066001","1100445","2000","3.24","","","","","","",""
"13066012","1100445","1105","1","","","","","","",""
"13066052","1100445","1277","0.018","","","","","","",""
"13066032","1100445","1190","62","","","","","","",""
"13066020","1100445","1123","73","","","","","","",""
"13066015","1100445","1108","107","","","","","","",""
"13066057","1100445","1293","2.027","","","","","","",""
"13066000","1100445","1058","0","","","","","","",""
"13066019","1100445","1122","4468","","","","","","",""
"13066013","1100445","1106","36","","","","","","",""
"13066053","1100445","1278","0","","","","","","",""
"13066039","1100445","1261","0.047","","","","","","",""
"13066010","1100445","1098","0.153","","","","","","",""
"13066011","1100445","1103","1.5","","","","","","",""
"13066031","1100445","1187","62","","","","","","",""
"13066022","1100445","1165","0.07","","","","","","",""
"13066038","1100445","1260","0.005","","","","","","",""
"13066044","1100445","1266","0.191","","","","","","",""
"13066021","1100445","1162","7.4","","","","","","",""
"13066017","1100445","1114","0","","","","","","",""
"13066018","1100445","1120","1","","","","","","",""
"13065996","1100445","1008","110","","","","","","",""
"13066051","1100445","1276","0","","","","","","",""
"13066014","1100445","1107","374","","","","","","",""
"13066054","1100445","1279","0","","","","","","",""
"13066009","1100445","1095","0.59","","","","","","",""
"13066036","1100445","1258","1.295","","","","","","",""
"13065994","1100445","1004","5.61","","","","","","",""
"13066025","1100445","1175","0.13","","","","","","",""
"13066048","1100445","1271","0","","","","","","",""
"13066034","1100445","1246","0","","","","","","",""
"13066007","1100445","1092","292","","","","","","",""
"13065999","1100445","1057","0","","","","","","",""
"13066030","1100445","1186","0","","","","","","",""
"13066046","1100445","1269","1.792","","","","","","",""
"13066024","1100445","1167","0.79","","","","","","",""
"13067739","1100471","1272","0.005","","","","","","",""
"13067695","1100471","1090","8","","","","","","",""
"13067698","1100471","1093","610","","","","","","",""
"13067744","1100471","1279","0.001","","","","","","",""
"13067696","1100471","1091","29","","","","","","",""
"13067728","1100471","1260","0","","","","","","",""
"13067702","1100471","1105","0","","","","","","",""
"13067743","1100471","1278","0","","","","","","",""
"13067708","1100471","1120","0","","","","","","",""
"13067723","1100471","1242","0","","","","","","",""
"13067706","1100471","1109","0.17","","","","","","",""
"13067736","1100471","1269","0.538","","","","","","",""
"13067737","1100471","1270","0.077","","","","","","",""
"13067701","1100471","1103","3.8","","","","","","",""
"13067694","1100471","1089","0.33","","","","","","",""
"13067686","1100471","1008","33","","","","","","",""
"13067713","1100471","1166","0.074","","","","","","",""
"13067704","1100471","1107","5","","","","","","",""
"13067707","1100471","1114","0.1","","","","","","",""
"13067722","1100471","1190","6","","","","","","",""
"13067688","1100471","1051","91.66","","","","","","",""
"13067726","1100471","1258","0.218","","","","","","",""
"13067731","1100471","1263","0","","","","","","",""
"13067692","1100471","1079","0.4","","","","","","",""
"13067740","1100471","1275","0.006","","","","","","",""
"13067699","1100471","1095","0.31","","","","","","",""
"13067710","1100471","1123","0","","","","","","",""
"13067718","1100471","1180","11.3","","","","","","",""
"13067687","1100471","1018","0","","","","","","",""
"13067719","1100471","1185","3.4","","","","","","",""
"13067691","1100471","2000","0.89","","","","","","",""
"13067705","1100471","1108","0","","","","","","",""
"13067734","1100471","1266","0.049","","","","","","",""
"13067741","1100471","1276","0","","","","","","",""
"13067727","1100471","1259","0","","","","","","",""
"13067721","1100471","1187","6","","","","","","",""
"13067690","1100471","1058","0","","","","","","",""
"13067717","1100471","1178","0.12","","","","","","",""
"13067746","1100471","1292","0.468","","","","","","",""
"13067712","1100471","1165","0.03","","","","","","",""
"13067684","1100471","1004","1.56","","","","","","",""
"13067709","1100471","1122","0","","","","","","",""
"13067720","1100471","1186","0","","","","","","",""
"13067733","1100471","1265","0.156","","","","","","",""
"13067693","1100471","1087","16","","","","","","",""
"13067730","1100471","1262","0","","","","","","",""
"13067735","1100471","1268","0.451","","","","","","",""
"13067685","1100471","1005","2.47","","","","","","",""
"13067725","1100471","1253","4","","","","","","",""
"13067732","1100471","1264","0.002","","","","","","",""
"13067745","1100471","1280","0","","","","","","",""
"13067711","1100471","1162","0.1","","","","","","",""
"13067716","1100471","1177","6","","","","","","",""
"13067742","1100471","1277","0.005","","","","","","",""
"13067747","1100471","1293","0.625","","","","","","",""
"13067724","1100471","1246","0","","","","","","",""
"13067738","1100471","1271","0.001","","","","","","",""
"13067703","1100471","1106","1","","","","","","",""
"13067714","1100471","1167","0.39","","","","","","",""
"13067729","1100471","1261","0","","","","","","",""
"13067700","1100471","1098","0.076","","","","","","",""
"13067689","1100471","1057","0","","","","","","",""
"13067683","1100471","1003","2.47","","","","","","",""
"13067697","1100471","1092","53","","","","","","",""
"13067715","1100471","1175","0.028","","","","","","",""
"13085608","1100746","1265","4.897","","","","","","",""
"13085614","1100746","1272","0","","","","","","",""
"13085559","1100746","1004","13.2","","","","","","",""
"13085576","1100746","1103","7.1","","","","","","",""
"13085600","1100746","1253","1","","","","","","",""
"13085615","1100746","1275","0.017","","","","","","",""
"13085586","1100746","1162","0","","","","","","",""
"13085571","1100746","1091","120","","","","","","",""
"13085606","1100746","1263","0.051","","","","","","",""
"13085605","1100746","1262","0.016","","","","","","",""
"13085610","1100746","1268","3.788","","","","","","",""
"13085587","1100746","1165","0.088","","","","","","",""
"13085569","1100746","1089","1.61","","","","","","",""
"13085589","1100746","1167","1.83","","","","","","",""
"13085594","1100746","1185","3.4","","","","","","",""
"13085562","1100746","1018","0","","","","","","",""
"13085566","1100746","2000","4.15","","","","","","",""
"13085611","1100746","1269","2.407","","","","","","",""
"13085577","1100746","1105","2","","","","","","",""
"13085595","1100746","1186","0","","","","","","",""
"13085573","1100746","1093","452","","","","","","",""
"13085565","1100746","1058","0","","","","","","",""
"13085585","1100746","1123","11","","","","","","",""
"13085583","1100746","1120","0","","","","","","",""
"13085612","1100746","1270","0.069","","","","","","",""
"13085567","1100746","1079","9.6","","","","","","",""
"13085575","1100746","1098","0.146","","","","","","",""
"13085602","1100746","1259","0","","","","","","",""
"13085588","1100746","1166","0.076","","","","","","",""
"13085574","1100746","1095","0.82","","","","","","",""
"13085618","1100746","1278","0","","","","","","",""
"13085592","1100746","1178","0","","","","","","",""
"13085622","1100746","1293","2.484","","","","","","",""
"13085570","1100746","1090","37","","","","","","",""
"13085613","1100746","1271","0.003","","","","","","",""
"13085598","1100746","1242","0","","","","","","",""
"13085593","1100746","1180","6.3","","","","","","",""
"13085621","1100746","1292","3.837","","","","","","",""
"13085609","1100746","1266","0.644","","","","","","",""
"13085568","1100746","1087","25","","","","","","",""
"13085590","1100746","1175","0.08","","","","","","",""
"13085584","1100746","1122","0","","","","","","",""
"13085564","1100746","1057","0","","","","","","",""
"13085620","1100746","1280","0","","","","","","",""
"13085604","1100746","1261","0.004","","","","","","",""
"13085599","1100746","1246","0","","","","","","",""
"13085563","1100746","1051","33.5","","","","","","",""
"13085580","1100746","1108","0","","","","","","",""
"13085591","1100746","1177","8","","","","","","",""
"13085560","1100746","1005","45.35","","","","","","",""
"13085596","1100746","1187","8","","","","","","",""
"13085616","1100746","1276","0","","","","","","",""
"13085578","1100746","1106","2","","","","","","",""
"13085581","1100746","1109","1.35","","","","","","",""
"13085582","1100746","1114","0","","","","","","",""
"13085558","1100746","1003","6.36","","","","","","",""
"13085572","1100746","1092","139","","","","","","",""
"13085579","1100746","1107","0","","","","","","",""
"13085603","1100746","1260","0","","","","","","",""
"13085619","1100746","1279","0.001","","","","","","",""
"13085601","1100746","1258","5.826","","","","","","",""
"13085617","1100746","1277","0.027","","","","","","",""
"13085597","1100746","1190","8","","","","","","",""
"13085607","1100746","1264","0.113","","","","","","",""
"13085561","1100746","1008","326","","","","","","",""
"13135762","1101518","1114","0","","","","","","",""
"13135796","1101518","1276","0","","","","","","",""
"13135788","1101518","1265","0.434","","","","","","",""
"13135760","1101518","1108","0","","","","","","",""
"13135774","1101518","1185","5","","","","","","",""
"13135768","1101518","1166","0.035","","","","","","",""
"13135765","1101518","1123","0","","","","","","",""
"13135793","1101518","1271","0","","","","","","",""
"13135777","1101518","1190","132","","","","","","",""
"13135790","1101518","1268","1.607","","","","","","",""
"13135780","1101518","1253","0","","","","","","",""
"13135798","1101518","1278","0","","","","","","",""
"13135764","1101518","1122","0","","","","","","",""
"13135758","1101518","1106","0","","","","","","",""
"13135782","1101518","1259","0","","","","","","",""
"13135773","1101518","1180","14.3","","","","","","",""
"13135789","1101518","1266","0.124","","","","","","",""
"13135792","1101518","1270","0.213","","","","","","",""
"13135752","1101518","1092","104","","","","","","",""
"13135763","1101518","1120","0","","","","","","",""
"13135761","1101518","1109","0.53","","","","","","",""
"13135778","1101518","1242","0","","","","","","",""
"13135785","1101518","1262","0","","","","","","",""
"13135783","1101518","1260","0","","","","","","",""
"13135772","1101518","1178","0","","","","","","",""
"13135751","1101518","1091","72","","","","","","",""
"13135748","1101518","1087","16","","","","","","",""
"13135739","1101518","1004","4.05","","","","","","",""
"13135746","1101518","2000","0.3","","","","","","",""
"13135740","1101518","1005","37.04","","","","","","",""
"13135741","1101518","1008","210","","","","","","",""
"13135744","1101518","1057","0","","","","","","",""
"13135742","1101518","1018","0","","","","","","",""
"13135743","1101518","1051","51.8","","","","","","",""
"13135738","1101518","1003","5.7","","","","","","",""
"13135747","1101518","1079","1.8","","","","","","",""
"13135745","1101518","1058","0","","","","","","",""
"13135800","1101518","1280","0","","","","","","",""
"13135769","1101518","1167","1.739","","","","","","",""
"13135753","1101518","1093","309","","","","","","",""
"13135759","1101518","1107","2","","","","","","",""
"13135784","1101518","1261","0","","","","","","",""
"13135786","1101518","1263","0","","","","","","",""
"13135781","1101518","1258","0.587","","","","","","",""
"13135754","1101518","1095","0.75","","","","","","",""
"13135766","1101518","1162","0.3","","","","","","",""
"13135770","1101518","1175","0.101","","","","","","",""
"13135802","1101518","1293","1.645","","","","","","",""
"13135767","1101518","1165","0.234","","","","","","",""
"13135775","1101518","1186","57","","","","","","",""
"13135795","1101518","1275","0.014","","","","","","",""
"13135771","1101518","1177","92","","","","","","",""
"13135749","1101518","1089","2.19","","","","","","",""
"13135757","1101518","1105","0","","","","","","",""
"13135794","1101518","1272","0","","","","","","",""
"13135756","1101518","1103","5.6","","","","","","",""
"13135755","1101518","1098","0.147","","","","","","",""
"13135787","1101518","1264","0.002","","","","","","",""
"13135779","1101518","1246","0","","","","","","",""
"13135799","1101518","1279","0.003","","","","","","",""
"13135797","1101518","1277","0.017","","","","","","",""
"13135791","1101518","1269","1.432","","","","","","",""
"13135776","1101518","1187","35","","","","","","",""
"13135750","1101518","1090","14","","","","","","",""
"13135801","1101518","1292","1.643","","","","","","",""
"13143630","1101639","1123","0","","","","","","",""
"13143642","1101639","1190","25","","","","","","",""
"13143625","1101639","1108","0","","","","","","",""
"13143615","1101639","1090","4","","","","","","",""
"13143621","1101639","1103","1.9","","","","","","",""
"13143663","1101639","1278","0","","","","","","",""
"13143640","1101639","1186","14","","","","","","",""
"13143646","1101639","1258","0.02","","","","","","",""
"13143631","1101639","1162","0","","","","","","",""
"13143648","1101639","1260","0","","","","","","",""
"13143643","1101639","1242","0","","","","","","",""
"13143609","1101639","1057","0","","","","","","",""
"13143635","1101639","1175","0.024","","","","","","",""
"13143636","1101639","1177","15","","","","","","",""
"13143612","1101639","1079","0.1","","","","","","",""
"13143658","1101639","1271","0","","","","","","",""
"13143647","1101639","1259","0","","","","","","",""
"13143619","1101639","1095","0.13","","","","","","",""
"13143659","1101639","1272","0","","","","","","",""
"13143606","1101639","1008","33","","","","","","",""
"13143624","1101639","1107","0","","","","","","",""
"13143623","1101639","1106","0","","","","","","",""
"13143652","1101639","1264","0.001","","","","","","",""
"13143644","1101639","1246","0","","","","","","",""
"13143610","1101639","1058","0","","","","","","",""
"13143661","1101639","1276","0","","","","","","",""
"13143645","1101639","1253","0","","","","","","",""
"13143616","1101639","1091","11","","","","","","",""
"13143639","1101639","1185","0","","","","","","",""
"13143638","1101639","1180","0.5","","","","","","",""
"13143608","1101639","1051","91.26","","","","","","",""
"13143627","1101639","1114","0","","","","","","",""
"13143660","1101639","1275","0","","","","","","",""
"13143613","1101639","1087","6","","","","","","",""
"13143604","1101639","1004","0.07","","","","","","",""
"13143654","1101639","1266","0.001","","","","","","",""
"13143650","1101639","1262","0","","","","","","",""
"13143605","1101639","1005","7.16","","","","","","",""
"13143641","1101639","1187","1","","","","","","",""
"13143617","1101639","1092","9","","","","","","",""
"13143614","1101639","1089","0.3","","","","","","",""
"13143664","1101639","1279","0","","","","","","",""
"13143632","1101639","1165","0.041","","","","","","",""
"13143666","1101639","1292","0.022","","","","","","",""
"13143622","1101639","1105","0","","","","","","",""
"13143655","1101639","1268","0.022","","","","","","",""
"13143651","1101639","1263","0","","","","","","",""
"13143657","1101639","1270","0.003","","","","","","",""
"13143618","1101639","1093","253","","","","","","",""
"13143634","1101639","1167","0.375","","","","","","",""
"13143649","1101639","1261","0","","","","","","",""
"13143662","1101639","1277","0","","","","","","",""
"13143656","1101639","1269","0.016","","","","","","",""
"13143629","1101639","1122","0","","","","","","",""
"13143603","1101639","1003","0.68","","","","","","",""
"13143607","1101639","1018","0","","","","","","",""
"13143620","1101639","1098","0.026","","","","","","",""
"13143665","1101639","1280","0","","","","","","",""
"13143667","1101639","1293","0.019","","","","","","",""
"13143637","1101639","1178","0","","","","","","",""
"13143633","1101639","1166","0.003","","","","","","",""
"13143626","1101639","1109","0.01","","","","","","",""
"13143653","1101639","1265","0.018","","","","","","",""
"13143628","1101639","1120","0","","","","","","",""
"13143611","1101639","2000","0.01","","","","","","",""
"13143888","1101643","1120","0","","","","","","",""
"13143921","1101643","1276","0","","","","","","",""
"13143920","1101643","1275","0.001","","","","","","",""
"13143884","1101643","1107","0","","","","","","",""
"13143896","1101643","1177","1","","","","","","",""
"13143883","1101643","1106","0","","","","","","",""
"13143908","1101643","1260","0","","","","","","",""
"13143890","1101643","1123","0","","","","","","",""
"13143874","1101643","1089","0.14","","","","","","",""
"13143916","1101643","1269","0.066","","","","","","",""
"13143876","1101643","1091","8","","","","","","",""
"13143912","1101643","1264","0.001","","","","","","",""
"13143913","1101643","1265","0.033","","","","","","",""
"13143880","1101643","1098","0.049","","","","","","",""
"13143917","1101643","1270","0.003","","","","","","",""
"13143882","1101643","1105","0","","","","","","",""
"13143872","1101643","1079","1","","","","","","",""
"13143911","1101643","1263","0","","","","","","",""
"13143866","1101643","1008","96","","","","","","",""
"13143887","1101643","1114","0","","","","","","",""
"13143873","1101643","1087","2","","","","","","",""
"13143878","1101643","1093","227","","","","","","",""
"13143906","1101643","1258","0.039","","","","","","",""
"13143924","1101643","1279","0","","","","","","",""
"13143881","1101643","1103","5.6","","","","","","",""
"13143894","1101643","1167","0.288","","","","","","",""
"13143900","1101643","1186","0","","","","","","",""
"13143889","1101643","1122","0","","","","","","",""
"13143895","1101643","1175","0.026","","","","","","",""
"13143910","1101643","1262","0","","","","","","",""
"13143897","1101643","1178","0","","","","","","",""
"13143869","1101643","1057","0","","","","","","",""
"13143925","1101643","1280","0","","","","","","",""
"13143899","1101643","1185","0","","","","","","",""
"13143922","1101643","1277","0","","","","","","",""
"13143868","1101643","1051","76.19","","","","","","",""
"13143915","1101643","1268","0.07","","","","","","",""
"13143914","1101643","1266","0.003","","","","","","",""
"13143905","1101643","1253","0","","","","","","",""
"13143871","1101643","2000","0.05","","","","","","",""
"13143918","1101643","1271","0","","","","","","",""
"13143926","1101643","1292","0.07","","","","","","",""
"13143886","1101643","1109","0.04","","","","","","",""
"13143891","1101643","1162","0","","","","","","",""
"13143864","1101643","1004","0.19","","","","","","",""
"13143923","1101643","1278","0","","","","","","",""
"13143902","1101643","1190","1","","","","","","",""
"13143903","1101643","1242","0","","","","","","",""
"13143877","1101643","1092","10","","","","","","",""
"13143863","1101643","1003","2.01","","","","","","",""
"13143909","1101643","1261","0","","","","","","",""
"13143919","1101643","1272","0","","","","","","",""
"13143870","1101643","1058","0","","","","","","",""
"13143879","1101643","1095","0.41","","","","","","",""
"13143867","1101643","1018","0","","","","","","",""
"13143875","1101643","1090","5","","","","","","",""
"13143898","1101643","1180","2.1","","","","","","",""
"13143893","1101643","1166","0.013","","","","","","",""
"13143865","1101643","1005","20.97","","","","","","",""
"13143901","1101643","1187","1","","","","","","",""
"13143885","1101643","1108","0","","","","","","",""
"13143904","1101643","1246","0","","","","","","",""
"13143907","1101643","1259","0","","","","","","",""
"13143927","1101643","1293","0.069","","","","","","",""
"13143892","1101643","1165","0.02","","","","","","",""
"13159771","1101887","1263","0.165","","","","","","",""
"13159763","1101887","1242","0","","","","","","",""
"13159784","1101887","1279","0.001","","","","","","",""
"13159748","1101887","1120","23","","","","","","",""
"13159782","1101887","1277","0.037","","","","","","",""
"13159755","1101887","1175","0.22","","","","","","",""
"13159773","1101887","1265","3.168","","","","","","",""
"13159768","1101887","1260","0.045","","","","","","",""
"13159760","1101887","1186","5","","","","","","",""
"13159759","1101887","1185","8.3","","","","","","",""
"13159753","1101887","1166","0.126","","","","","","",""
"13159764","1101887","1246","0","","","","","","",""
"13159766","1101887","1258","5.189","","","","","","",""
"13159770","1101887","1262","0.082","","","","","","",""
"13159779","1101887","1272","0","","","","","","",""
"13159750","1101887","1123","88","","","","","","",""
"13159776","1101887","1269","2.258","","","","","","",""
"13159752","1101887","1165","0.082","","","","","","",""
"13159749","1101887","1122","3719","","","","","","",""
"13159754","1101887","1167","2.178","","","","","","",""
"13159775","1101887","1268","4.715","","","","","","",""
"13159777","1101887","1270","0.203","","","","","","",""
"13159785","1101887","1280","0.002","","","","","","",""
"13159787","1101887","1293","2.474","","","","","","",""
"13159751","1101887","1162","2.9","","","","","","",""
"13159756","1101887","1177","24","","","","","","",""
"13159781","1101887","1276","0","","","","","","",""
"13159786","1101887","1292","5.015","","","","","","",""
"13159761","1101887","1187","19","","","","","","",""
"13159765","1101887","1253","30","","","","","","",""
"13159774","1101887","1266","1.023","","","","","","",""
"13159762","1101887","1190","28","","","","","","",""
"13159757","1101887","1178","0.72","","","","","","",""
"13159747","1101887","1114","0","","","","","","",""
"13159730","1101887","1058","0","","","","","","",""
"13159725","1101887","1005","19.23","","","","","","",""
"13159735","1101887","1090","35","","","","","","",""
"13159733","1101887","1087","101","","","","","","",""
"13159746","1101887","1109","1.22","","","","","","",""
"13159742","1101887","1105","27","","","","","","",""
"13159732","1101887","1079","2.7","","","","","","",""
"13159739","1101887","1095","2.34","","","","","","",""
"13159745","1101887","1108","13","","","","","","",""
"13159736","1101887","1091","158","","","","","","",""
"13159727","1101887","1018","0","","","","","","",""
"13159729","1101887","1057","0","","","","","","",""
"13159728","1101887","1051","53.68","","","","","","",""
"13159741","1101887","1103","9.2","","","","","","",""
"13159740","1101887","1098","0.095","","","","","","",""
"13159737","1101887","1092","272","","","","","","",""
"13159724","1101887","1004","14.42","","","","","","",""
"13159731","1101887","2000","2.27","","","","","","",""
"13159723","1101887","1003","10.47","","","","","","",""
"13159738","1101887","1093","536","","","","","","",""
"13159743","1101887","1106","45","","","","","","",""
"13159734","1101887","1089","1.42","","","","","","",""
"13159726","1101887","1008","247","","","","","","",""
"13159744","1101887","1107","200","","","","","","",""
"13159778","1101887","1271","0.016","","","","","","",""
"13159783","1101887","1278","0.001","","","","","","",""
"13159780","1101887","1275","0.207","","","","","","",""
"13159772","1101887","1264","0.434","","","","","","",""
"13159758","1101887","1180","31.8","","","","","","",""
"13159769","1101887","1261","0.042","","","","","","",""
"13159767","1101887","1259","0.055","","","","","","",""
"13162141","1101924","1091","113","","","","","","",""
"13162162","1101924","1178","0.1","","","","","","",""
"13162134","1101924","1057","0","","","","","","",""
"13162142","1101924","1092","128","","","","","","",""
"13162148","1101924","1106","2","","","","","","",""
"13162192","1101924","1293","1.837","","","","","","",""
"13162152","1101924","1114","0.3","","","","","","",""
"13162168","1101924","1242","0","","","","","","",""
"13162138","1101924","1087","52","","","","","","",""
"13162133","1101924","1051","61.27","","","","","","",""
"13162157","1101924","1165","0.056","","","","","","",""
"13162163","1101924","1180","24.5","","","","","","",""
"13162158","1101924","1166","0.074","","","","","","",""
"13162149","1101924","1107","3","","","","","","",""
"13162170","1101924","1253","40","","","","","","",""
"13162181","1101924","1269","1.693","","","","","","",""
"13162177","1101924","1264","0.155","","","","","","",""
"13162129","1101924","1004","13.69","","","","","","",""
"13162140","1101924","1090","24","","","","","","",""
"13162128","1101924","1003","8.63","","","","","","",""
"13162166","1101924","1187","6","","","","","","",""
"13162173","1101924","1260","0","","","","","","",""
"13162174","1101924","1261","0","","","","","","",""
"13162137","1101924","1079","1.2","","","","","","",""
"13162143","1101924","1093","462","","","","","","",""
"13162175","1101924","1262","0.011","","","","","","",""
"13162145","1101924","1098","0.063","","","","","","",""
"13162188","1101924","1278","0","","","","","","",""
"13162183","1101924","1271","0.005","","","","","","",""
"13162139","1101924","1089","0.54","","","","","","",""
"13162172","1101924","1259","0","","","","","","",""
"13162190","1101924","1280","0","","","","","","",""
"13162132","1101924","1018","0","","","","","","",""
"13162186","1101924","1276","0","","","","","","",""
"13162184","1101924","1272","0","","","","","","",""
"13162178","1101924","1265","3.106","","","","","","",""
"13162191","1101924","1292","5.994","","","","","","",""
"13162160","1101924","1175","0.152","","","","","","",""
"13162151","1101924","1109","0.22","","","","","","",""
"13162165","1101924","1186","0","","","","","","",""
"13162164","1101924","1185","0.1","","","","","","",""
"13162189","1101924","1279","0","","","","","","",""
"13162176","1101924","1263","0.023","","","","","","",""
"13162185","1101924","1275","0.423","","","","","","",""
"13162161","1101924","1177","6","","","","","","",""
"13162154","1101924","1122","0","","","","","","",""
"13162147","1101924","1105","2","","","","","","",""
"13162180","1101924","1268","5.428","","","","","","",""
"13162131","1101924","1008","215","","","","","","",""
"13162146","1101924","1103","8.3","","","","","","",""
"13162130","1101924","1005","14.8","","","","","","",""
"13162169","1101924","1246","0","","","","","","",""
"13162179","1101924","1266","1.61","","","","","","",""
"13162187","1101924","1277","0.118","","","","","","",""
"13162150","1101924","1108","0","","","","","","",""
"13162171","1101924","1258","4.946","","","","","","",""
"13162144","1101924","1095","0.79","","","","","","",""
"13162135","1101924","1058","0","","","","","","",""
"13162136","1101924","2000","0.4","","","","","","",""
"13162182","1101924","1270","0.136","","","","","","",""
"13162153","1101924","1120","1","","","","","","",""
"13162159","1101924","1167","2.277","","","","","","",""
"13162155","1101924","1123","5","","","","","","",""
"13162156","1101924","1162","0.6","","","","","","",""
"13162167","1101924","1190","6","","","","","","",""
"13163667","1101947","1259","0.21","","","","","","",""
"13163630","1101947","1058","0","","","","","","",""
"13163674","1101947","1266","1.892","","","","","","",""
"13163669","1101947","1261","0.112","","","","","","",""
"13163658","1101947","1180","10","","","","","","",""
"13163654","1101947","1167","2.581","","","","","","",""
"13163633","1101947","1087","321","","","","","","",""
"13163640","1101947","1098","0.078","","","","","","",""
"13163659","1101947","1185","8.1","","","","","","",""
"13163668","1101947","1260","0.174","","","","","","",""
"13163671","1101947","1263","0.312","","","","","","",""
"13163678","1101947","1271","0.016","","","","","","",""
"13163626","1101947","1008","345","","","","","","",""
"13163645","1101947","1108","1","","","","","","",""
"13163662","1101947","1190","69","","","","","","",""
"13163677","1101947","1270","0.285","","","","","","",""
"13163648","1101947","1120","2","","","","","","",""
"13163653","1101947","1166","0.305","","","","","","",""
"13163682","1101947","1277","0.044","","","","","","",""
"13163644","1101947","1107","10","","","","","","",""
"13163681","1101947","1276","0","","","","","","",""
"13163661","1101947","1187","13","","","","","","",""
"13163624","1101947","1004","18.02","","","","","","",""
"13163649","1101947","1122","0","","","","","","",""
"13163686","1101947","1292","4.341","","","","","","",""
"13163664","1101947","1246","0","","","","","","",""
"13163683","1101947","1278","0.003","","","","","","",""
"13163675","1101947","1268","4.294","","","","","","",""
"13163646","1101947","1109","0.55","","","","","","",""
"13163629","1101947","1057","0","","","","","","",""
"13163684","1101947","1279","0","","","","","","",""
"13163637","1101947","1092","110","","","","","","",""
"13163639","1101947","1095","1.52","","","","","","",""
"13163625","1101947","1005","32.48","","","","","","",""
"13163663","1101947","1242","0","","","","","","",""
"13163665","1101947","1253","32","","","","","","",""
"13163666","1101947","1258","8.306","","","","","","",""
"13163628","1101947","1051","34.02","","","","","","",""
"13163632","1101947","1079","2.3","","","","","","",""
"13163656","1101947","1177","46","","","","","","",""
"13163672","1101947","1264","1.017","","","","","","",""
"13163634","1101947","1089","2.38","","","","","","",""
"13163679","1101947","1272","0","","","","","","",""
"13163641","1101947","1103","23.3","","","","","","",""
"13163647","1101947","1114","0.2","","","","","","",""
"13163651","1101947","1162","2","","","","","","",""
"13163657","1101947","1178","0.32","","","","","","",""
"13163631","1101947","2000","2.56","","","","","","",""
"13163623","1101947","1003","12.74","","","","","","",""
"13163687","1101947","1293","2.664","","","","","","",""
"13163685","1101947","1280","0.006","","","","","","",""
"13163636","1101947","1091","279","","","","","","",""
"13163650","1101947","1123","20","","","","","","",""
"13163655","1101947","1175","0.063","","","","","","",""
"13163670","1101947","1262","0.271","","","","","","",""
"13163643","1101947","1106","102","","","","","","",""
"13163635","1101947","1090","23","","","","","","",""
"13163673","1101947","1265","4.084","","","","","","",""
"13163660","1101947","1186","33","","","","","","",""
"13163627","1101947","1018","0","","","","","","",""
"13163642","1101947","1105","101","","","","","","",""
"13163638","1101947","1093","680","","","","","","",""
"13163676","1101947","1269","2.41","","","","","","",""
"13163680","1101947","1275","0.177","","","","","","",""
"13163652","1101947","1165","0.251","","","","","","",""
"13179305","1102188","1098","0.091","","","","","","",""
"13179300","1102188","1090","25","","","","","","",""
"13179297","1102188","1079","1.2","","","","","","",""
"13179331","1102188","1258","1.309","","","","","","",""
"13179350","1102188","1280","0","","","","","","",""
"13179290","1102188","1005","14.37","","","","","","",""
"13179348","1102188","1278","0","","","","","","",""
"13179346","1102188","1276","0","","","","","","",""
"13179341","1102188","1269","1.991","","","","","","",""
"13179330","1102188","1253","45","","","","","","",""
"13179316","1102188","1162","4.9","","","","","","",""
"13179298","1102188","1087","22","","","","","","",""
"13179338","1102188","1265","0.905","","","","","","",""
"13179337","1102188","1264","0.009","","","","","","",""
"13179315","1102188","1123","88","","","","","","",""
"13179289","1102188","1004","7.47","","","","","","",""
"13179325","1102188","1186","0","","","","","","",""
"13179345","1102188","1275","0.11","","","","","","",""
"13179336","1102188","1263","0","","","","","","",""
"13179310","1102188","1108","1","","","","","","",""
"13179318","1102188","1166","0.103","","","","","","",""
"13179320","1102188","1175","0.12","","","","","","",""
"13179321","1102188","1177","23","","","","","","",""
"13179349","1102188","1279","0.002","","","","","","",""
"13179322","1102188","1178","0.13","","","","","","",""
"13179351","1102188","1292","3.272","","","","","","",""
"13179309","1102188","1107","53","","","","","","",""
"13179295","1102188","1058","0","","","","","","",""
"13179292","1102188","1018","0","","","","","","",""
"13179329","1102188","1246","0","","","","","","",""
"13179311","1102188","1109","0.86","","","","","","",""
"13179294","1102188","1057","0","","","","","","",""
"13179347","1102188","1277","0.043","","","","","","",""
"13179334","1102188","1261","0","","","","","","",""
"13179324","1102188","1185","20.5","","","","","","",""
"13179296","1102188","2000","4.08","","","","","","",""
"13179307","1102188","1105","12","","","","","","",""
"13179352","1102188","1293","2.226","","","","","","",""
"13179302","1102188","1092","152","","","","","","",""
"13179306","1102188","1103","8.9","","","","","","",""
"13179303","1102188","1093","385","","","","","","",""
"13179314","1102188","1122","0","","","","","","",""
"13179312","1102188","1114","0.1","","","","","","",""
"13179335","1102188","1262","0","","","","","","",""
"13179308","1102188","1106","17","","","","","","",""
"13179304","1102188","1095","0.69","","","","","","",""
"13179313","1102188","1120","8","","","","","","",""
"13179317","1102188","1165","0.048","","","","","","",""
"13179327","1102188","1190","22","","","","","","",""
"13179301","1102188","1091","92","","","","","","",""
"13179323","1102188","1180","35.5","","","","","","",""
"13179326","1102188","1187","22","","","","","","",""
"13179332","1102188","1259","0","","","","","","",""
"13179299","1102188","1089","0.68","","","","","","",""
"13179344","1102188","1272","0.004","","","","","","",""
"13179343","1102188","1271","0.017","","","","","","",""
"13179340","1102188","1268","3.112","","","","","","",""
"13179333","1102188","1260","0","","","","","","",""
"13179288","1102188","1003","8.14","","","","","","",""
"13179319","1102188","1167","2.195","","","","","","",""
"13179291","1102188","1008","154","","","","","","",""
"13179339","1102188","1266","0.27","","","","","","",""
"13179328","1102188","1242","0","","","","","","",""
"13179342","1102188","1270","0.209","","","","","","",""
"13179293","1102188","1051","68.61","","","","","","",""
"13188903","1102335","1278","0","","","","","","",""
"13188907","1102335","1293","0.791","","","","","","",""
"13188847","1102335","1018","0","","","","","","",""
"13188906","1102335","1292","1.157","","","","","","",""
"13188887","1102335","1259","0","","","","","","",""
"13188886","1102335","1258","0.693","","","","","","",""
"13188891","1102335","1263","0.001","","","","","","",""
"13188849","1102335","1057","0","","","","","","",""
"13188861","1102335","1103","6.7","","","","","","",""
"13188878","1102335","1180","20.3","","","","","","",""
"13188850","1102335","1058","0","","","","","","",""
"13188879","1102335","1185","94.1","","","","","","",""
"13188904","1102335","1279","0.001","","","","","","",""
"13188853","1102335","1087","31","","","","","","",""
"13188884","1102335","1246","0","","","","","","",""
"13188895","1102335","1268","1.098","","","","","","",""
"13188869","1102335","1122","0","","","","","","",""
"13188901","1102335","1276","0","","","","","","",""
"13188874","1102335","1167","1.44","","","","","","",""
"13188863","1102335","1106","141","","","","","","",""
"13188890","1102335","1262","0.002","","","","","","",""
"13188870","1102335","1123","2268","","","","","","",""
"13188893","1102335","1265","0.419","","","","","","",""
"13188880","1102335","1186","10","","","","","","",""
"13188873","1102335","1166","0.108","","","","","","",""
"13188851","1102335","2000","1.59","","","","","","",""
"13188885","1102335","1253","12","","","","","","",""
"13188860","1102335","1098","0.119","","","","","","",""
"13188844","1102335","1004","2.88","","","","","","",""
"13188857","1102335","1092","250","","","","","","",""
"13188905","1102335","1280","0.001","","","","","","",""
"13188856","1102335","1091","63","","","","","","",""
"13188894","1102335","1266","0.217","","","","","","",""
"13188868","1102335","1120","6","","","","","","",""
"13188871","1102335","1162","10.1","","","","","","",""
"13188866","1102335","1109","0.51","","","","","","",""
"13188845","1102335","1005","8.61","","","","","","",""
"13188876","1102335","1177","47","","","","","","",""
"13188855","1102335","1090","27","","","","","","",""
"13188899","1102335","1272","0","","","","","","",""
"13188848","1102335","1051","81.29","","","","","","",""
"13188867","1102335","1114","0","","","","","","",""
"13188889","1102335","1261","0","","","","","","",""
"13188846","1102335","1008","80","","","","","","",""
"13188858","1102335","1093","424","","","","","","",""
"13188854","1102335","1089","1.31","","","","","","",""
"13188877","1102335","1178","0.37","","","","","","",""
"13188882","1102335","1190","54","","","","","","",""
"13188888","1102335","1260","0","","","","","","",""
"13188881","1102335","1187","37","","","","","","",""
"13188897","1102335","1270","0.043","","","","","","",""
"13188902","1102335","1277","0.005","","","","","","",""
"13188859","1102335","1095","1.27","","","","","","",""
"13188843","1102335","1003","5.47","","","","","","",""
"13188896","1102335","1269","0.737","","","","","","",""
"13188864","1102335","1107","1564","","","","","","",""
"13188883","1102335","1242","0","","","","","","",""
"13188898","1102335","1271","0.006","","","","","","",""
"13188892","1102335","1264","0.031","","","","","","",""
"13188862","1102335","1105","0","","","","","","",""
"13188852","1102335","1079","1.1","","","","","","",""
"13188900","1102335","1275","0.041","","","","","","",""
"13188865","1102335","1108","243","","","","","","",""
"13188872","1102335","1165","0.075","","","","","","",""
"13188875","1102335","1175","0.175","","","","","","",""
"13196537","1102453","1114","0","","","","","","",""
"13196531","1102453","1103","1.7","","","","","","",""
"13196526","1102453","1091","41","","","","","","",""
"13196523","1102453","1087","89","","","","","","",""
"13196558","1102453","1260","0","","","","","","",""
"13196564","1102453","1266","0.231","","","","","","",""
"13196557","1102453","1259","0","","","","","","",""
"13196563","1102453","1265","1.366","","","","","","",""
"13196530","1102453","1098","0.12","","","","","","",""
"13196513","1102453","1003","2.28","","","","","","",""
"13196551","1102453","1187","24","","","","","","",""
"13196527","1102453","1092","152","","","","","","",""
"13196540","1102453","1123","464","","","","","","",""
"13196524","1102453","1089","1.25","","","","","","",""
"13196515","1102453","1005","13.88","","","","","","",""
"13196554","1102453","1246","0","","","","","","",""
"13196514","1102453","1004","11.95","","","","","","",""
"13196517","1102453","1018","0","","","","","","",""
"13196561","1102453","1263","0","","","","","","",""
"13196567","1102453","1270","0.249","","","","","","",""
"13196566","1102453","1269","1.174","","","","","","",""
"13196535","1102453","1108","107","","","","","","",""
"13196544","1102453","1167","0.889","","","","","","",""
"13196521","1102453","2000","2.78","","","","","","",""
"13196546","1102453","1177","38","","","","","","",""
"13196571","1102453","1276","0","","","","","","",""
"13196525","1102453","1090","26","","","","","","",""
"13196518","1102453","1051","70.85","","","","","","",""
"13196539","1102453","1122","0","","","","","","",""
"13196533","1102453","1106","241","","","","","","",""
"13196570","1102453","1275","0.15","","","","","","",""
"13196536","1102453","1109","2.12","","","","","","",""
"13196556","1102453","1258","1.676","","","","","","",""
"13196528","1102453","1093","166","","","","","","",""
"13196574","1102453","1279","0","","","","","","",""
"13196547","1102453","1178","0","","","","","","",""
"13196560","1102453","1262","0","","","","","","",""
"13196534","1102453","1107","2835","","","","","","",""
"13196575","1102453","1280","0","","","","","","",""
"13196548","1102453","1180","5.8","","","","","","",""
"13196572","1102453","1277","0.036","","","","","","",""
"13196565","1102453","1268","8.19","","","","","","",""
"13196577","1102453","1293","1.434","","","","","","",""
"13196538","1102453","1120","2","","","","","","",""
"13196529","1102453","1095","0.34","","","","","","",""
"13196532","1102453","1105","0","","","","","","",""
"13196541","1102453","1162","5.6","","","","","","",""
"13196545","1102453","1175","0.126","","","","","","",""
"13196555","1102453","1253","0","","","","","","",""
"13196553","1102453","1242","0","","","","","","",""
"13196519","1102453","1057","0","","","","","","",""
"13196569","1102453","1272","0","","","","","","",""
"13196562","1102453","1264","0.003","","","","","","",""
"13196552","1102453","1190","47","","","","","","",""
"13196550","1102453","1186","13","","","","","","",""
"13196568","1102453","1271","0","","","","","","",""
"13196543","1102453","1166","0.089","","","","","","",""
"13196549","1102453","1185","62.4","","","","","","",""
"13196573","1102453","1278","0","","","","","","",""
"13196520","1102453","1058","0","","","","","","",""
"13196542","1102453","1165","0.066","","","","","","",""
"13196559","1102453","1261","0","","","","","","",""
"13196516","1102453","1008","166","","","","","","",""
"13196522","1102453","1079","3.1","","","","","","",""
"13196576","1102453","1292","8.391","","","","","","",""
"13200924","1102520","1272","0","","","","","","",""
"13200929","1102520","1279","0","","","","","","",""
"13200907","1102520","1190","20","","","","","","",""
"13200901","1102520","1177","20","","","","","","",""
"13200930","1102520","1280","0","","","","","","",""
"13200920","1102520","1268","6.744","","","","","","",""
"13200925","1102520","1275","0.119","","","","","","",""
"13200872","1102520","1018","0","","","","","","",""
"13200931","1102520","1292","6.905","","","","","","",""
"13200887","1102520","1105","0","","","","","","",""
"13200875","1102520","1058","0","","","","","","",""
"13200868","1102520","1003","1.64","","","","","","",""
"13200913","1102520","1260","0","","","","","","",""
"13200905","1102520","1186","0","","","","","","",""
"13200882","1102520","1092","154","","","","","","",""
"13200917","1102520","1264","0.001","","","","","","",""
"13200898","1102520","1166","0.027","","","","","","",""
"13200881","1102520","1091","39","","","","","","",""
"13200893","1102520","1120","1","","","","","","",""
"13200876","1102520","2000","1.34","","","","","","",""
"13200899","1102520","1167","0.698","","","","","","",""
"13200888","1102520","1106","33","","","","","","",""
"13200880","1102520","1090","22","","","","","","",""
"13200870","1102520","1005","9.65","","","","","","",""
"13200890","1102520","1108","23","","","","","","",""
"13200932","1102520","1293","1.07","","","","","","",""
"13200914","1102520","1261","0.001","","","","","","",""
"13200883","1102520","1093","495","","","","","","",""
"13200891","1102520","1109","1.56","","","","","","",""
"13200911","1102520","1258","1.342","","","","","","",""
"13200916","1102520","1263","0","","","","","","",""
"13200886","1102520","1103","0.3","","","","","","",""
"13200908","1102520","1242","0","","","","","","",""
"13200923","1102520","1271","0","","","","","","",""
"13200895","1102520","1123","387","","","","","","",""
"13200926","1102520","1276","0","","","","","","",""
"13200922","1102520","1270","0.076","","","","","","",""
"13200915","1102520","1262","0.002","","","","","","",""
"13200912","1102520","1259","0","","","","","","",""
"13200921","1102520","1269","0.994","","","","","","",""
"13200910","1102520","1253","0","","","","","","",""
"13200889","1102520","1107","389","","","","","","",""
"13200878","1102520","1087","20","","","","","","",""
"13200897","1102520","1165","0.042","","","","","","",""
"13200918","1102520","1265","1.094","","","","","","",""
"13200927","1102520","1277","0.029","","","","","","",""
"13200896","1102520","1162","15.8","","","","","","",""
"13200928","1102520","1278","0","","","","","","",""
"13200903","1102520","1180","5.9","","","","","","",""
"13200885","1102520","1098","0.062","","","","","","",""
"13200919","1102520","1266","0.189","","","","","","",""
"13200904","1102520","1185","100.8","","","","","","",""
"13200874","1102520","1057","0","","","","","","",""
"13200871","1102520","1008","126","","","","","","",""
"13200902","1102520","1178","0","","","","","","",""
"13200892","1102520","1114","0","","","","","","",""
"13200877","1102520","1079","1.8","","","","","","",""
"13200900","1102520","1175","0.069","","","","","","",""
"13200909","1102520","1246","0","","","","","","",""
"13200894","1102520","1122","590","","","","","","",""
"13200884","1102520","1095","0.3","","","","","","",""
"13200906","1102520","1187","20","","","","","","",""
"13200873","1102520","1051","77.32","","","","","","",""
"13200869","1102520","1004","9.66","","","","","","",""
"13200879","1102520","1089","0.74","","","","","","",""
"13214791","1102734","1091","51","","","","","","",""
"13214828","1102734","1265","2.007","","","","","","",""
"13214783","1102734","1051","73.02","","","","","","",""
"13214780","1102734","1005","8.45","","","","","","",""
"13214839","1102734","1279","0","","","","","","",""
"13214809","1102734","1167","1.683","","","","","","",""
"13214813","1102734","1180","13.9","","","","","","",""
"13214837","1102734","1277","0.024","","","","","","",""
"13214811","1102734","1177","79","","","","","","",""
"13214794","1102734","1095","0.62","","","","","","",""
"13214831","1102734","1269","1.619","","","","","","",""
"13214820","1102734","1253","0","","","","","","",""
"13214808","1102734","1166","0.126","","","","","","",""
"13214814","1102734","1185","20.3","","","","","","",""
"13214803","1102734","1120","27","","","","","","",""
"13214836","1102734","1276","0","","","","","","",""
"13214802","1102734","1114","0","","","","","","",""
"13214842","1102734","1293","1.757","","","","","","",""
"13214807","1102734","1165","0.066","","","","","","",""
"13214812","1102734","1178","0","","","","","","",""
"13214810","1102734","1175","0.251","","","","","","",""
"13214788","1102734","1087","12","","","","","","",""
"13214806","1102734","1162","10.2","","","","","","",""
"13214800","1102734","1108","23","","","","","","",""
"13214832","1102734","1270","0.121","","","","","","",""
"13214782","1102734","1018","0","","","","","","",""
"13214830","1102734","1268","8.768","","","","","","",""
"13214835","1102734","1275","0.675","","","","","","",""
"13214792","1102734","1092","472","","","","","","",""
"13214781","1102734","1008","155","","","","","","",""
"13214778","1102734","1003","1.95","","","","","","",""
"13214804","1102734","1122","0","","","","","","",""
"13214829","1102734","1266","0.047","","","","","","",""
"13214833","1102734","1271","0","","","","","","",""
"13214834","1102734","1272","0","","","","","","",""
"13214787","1102734","1079","6.5","","","","","","",""
"13214841","1102734","1292","9.477","","","","","","",""
"13214779","1102734","1004","14.18","","","","","","",""
"13214786","1102734","2000","0.72","","","","","","",""
"13214784","1102734","1057","0","","","","","","",""
"13214798","1102734","1106","7","","","","","","",""
"13214799","1102734","1107","60","","","","","","",""
"13214793","1102734","1093","344","","","","","","",""
"13214815","1102734","1186","0","","","","","","",""
"13214795","1102734","1098","0.184","","","","","","",""
"13214797","1102734","1105","0","","","","","","",""
"13214805","1102734","1123","262","","","","","","",""
"13214796","1102734","1103","0.4","","","","","","",""
"13214821","1102734","1258","2.057","","","","","","",""
"13214824","1102734","1261","0.001","","","","","","",""
"13214822","1102734","1259","0","","","","","","",""
"13214825","1102734","1262","0","","","","","","",""
"13214817","1102734","1190","79","","","","","","",""
"13214785","1102734","1058","0","","","","","","",""
"13214819","1102734","1246","0","","","","","","",""
"13214827","1102734","1264","0","","","","","","",""
"13214790","1102734","1090","28","","","","","","",""
"13214826","1102734","1263","0","","","","","","",""
"13214801","1102734","1109","2","","","","","","",""
"13214816","1102734","1187","79","","","","","","",""
"13214840","1102734","1280","0","","","","","","",""
"13214789","1102734","1089","0.54","","","","","","",""
"13214818","1102734","1242","0","","","","","","",""
"13214838","1102734","1278","0","","","","","","",""
"13214823","1102734","1260","0","","","","","","",""
"13273566","1103638","1162","7.4","","","","","","",""
"13273556","1103638","1103","7.3","","","","","","",""
"13273546","1103638","2000","2.81","","","","","","",""
"13273559","1103638","1107","82","","","","","","",""
"13273538","1103638","1003","4.25","","","","","","",""
"13273580","1103638","1253","0","","","","","","",""
"13273586","1103638","1263","0","","","","","","",""
"13273583","1103638","1260","0","","","","","","",""
"13273592","1103638","1270","0.11","","","","","","",""
"13273550","1103638","1090","30","","","","","","",""
"13273560","1103638","1108","0","","","","","","",""
"13273582","1103638","1259","0","","","","","","",""
"13273542","1103638","1018","0","","","","","","",""
"13273601","1103638","1292","5.778","","","","","","",""
"13273544","1103638","1057","0","","","","","","",""
"13273565","1103638","1123","96","","","","","","",""
"13273599","1103638","1279","0","","","","","","",""
"13273564","1103638","1122","0","","","","","","",""
"13273573","1103638","1180","11","","","","","","",""
"13273591","1103638","1269","4.904","","","","","","",""
"13273554","1103638","1095","1.07","","","","","","",""
"13273540","1103638","1005","9.63","","","","","","",""
"13273568","1103638","1166","0.123","","","","","","",""
"13273543","1103638","1051","70.84","","","","","","",""
"13273600","1103638","1280","0","","","","","","",""
"13273570","1103638","1175","0.106","","","","","","",""
"13273563","1103638","1120","0","","","","","","",""
"13273561","1103638","1109","0.62","","","","","","",""
"13273549","1103638","1089","2.08","","","","","","",""
"13273572","1103638","1178","0","","","","","","",""
"13273545","1103638","1058","0","","","","","","",""
"13273576","1103638","1187","37","","","","","","",""
"13273585","1103638","1262","0.002","","","","","","",""
"13273587","1103638","1264","0.027","","","","","","",""
"13273596","1103638","1276","0","","","","","","",""
"13273590","1103638","1268","5.685","","","","","","",""
"13273571","1103638","1177","37","","","","","","",""
"13273575","1103638","1186","0","","","","","","",""
"13273558","1103638","1106","7","","","","","","",""
"13273594","1103638","1272","0","","","","","","",""
"13273588","1103638","1265","1.246","","","","","","",""
"13273539","1103638","1004","13.25","","","","","","",""
"13273562","1103638","1114","0","","","","","","",""
"13273595","1103638","1275","0.063","","","","","","",""
"13273589","1103638","1266","0.505","","","","","","",""
"13273557","1103638","1105","0","","","","","","",""
"13273552","1103638","1092","265","","","","","","",""
"13273551","1103638","1091","167","","","","","","",""
"13273584","1103638","1261","0","","","","","","",""
"13273567","1103638","1165","0.275","","","","","","",""
"13273541","1103638","1008","162","","","","","","",""
"13273547","1103638","1079","4","","","","","","",""
"13273598","1103638","1278","0","","","","","","",""
"13273597","1103638","1277","0.022","","","","","","",""
"13273553","1103638","1093","219","","","","","","",""
"13273579","1103638","1246","0","","","","","","",""
"13273578","1103638","1242","0","","","","","","",""
"13273593","1103638","1271","0","","","","","","",""
"13273548","1103638","1087","97","","","","","","",""
"13273602","1103638","1293","5.018","","","","","","",""
"13273574","1103638","1185","24.8","","","","","","",""
"13273577","1103638","1190","37","","","","","","",""
"13273581","1103638","1258","1.86","","","","","","",""
"13273555","1103638","1098","0.387","","","","","","",""
"13273569","1103638","1167","1.552","","","","","","",""
"13276197","1103678","1277","0.032","","","","","","",""
"13276183","1103678","1260","0","","","","","","",""
"13276182","1103678","1259","0","","","","","","",""
"13276174","1103678","1185","1.4","","","","","","",""
"13276167","1103678","1165","0.003","","","","","","",""
"13276192","1103678","1270","0","","","","","","",""
"13276170","1103678","1175","0.009","","","","","","",""
"13276194","1103678","1272","0","","","","","","",""
"13276193","1103678","1271","0","","","","","","",""
"13276165","1103678","1123","510","","","","","","",""
"13276156","1103678","1103","0.9","","","","","","",""
"13276189","1103678","1266","0.318","","","","","","",""
"13276185","1103678","1262","0","","","","","","",""
"13276143","1103678","1051","79.99","","","","","","",""
"13276175","1103678","1186","0","","","","","","",""
"13276157","1103678","1105","0","","","","","","",""
"13276164","1103678","1122","0","","","","","","",""
"13276200","1103678","1280","0","","","","","","",""
"13276144","1103678","1057","0","","","","","","",""
"13276160","1103678","1108","0","","","","","","",""
"13276140","1103678","1005","6.04","","","","","","",""
"13276180","1103678","1253","0","","","","","","",""
"13276184","1103678","1261","0","","","","","","",""
"13276196","1103678","1276","0","","","","","","",""
"13276178","1103678","1242","0","","","","","","",""
"13276151","1103678","1091","3","","","","","","",""
"13276142","1103678","1018","0","","","","","","",""
"13276158","1103678","1106","17","","","","","","",""
"13276138","1103678","1003","0.84","","","","","","",""
"13276146","1103678","2000","0","","","","","","",""
"13276179","1103678","1246","0","","","","","","",""
"13276187","1103678","1264","0","","","","","","",""
"13276169","1103678","1167","0.037","","","","","","",""
"13276172","1103678","1178","0","","","","","","",""
"13276199","1103678","1279","0","","","","","","",""
"13276190","1103678","1268","7.47","","","","","","",""
"13276202","1103678","1293","0.629","","","","","","",""
"13276173","1103678","1180","10.3","","","","","","",""
"13276162","1103678","1114","0","","","","","","",""
"13276201","1103678","1292","7.652","","","","","","",""
"13276152","1103678","1092","8","","","","","","",""
"13276177","1103678","1190","0","","","","","","",""
"13276168","1103678","1166","0","","","","","","",""
"13276186","1103678","1263","0","","","","","","",""
"13276147","1103678","1079","1.6","","","","","","",""
"13276176","1103678","1187","0","","","","","","",""
"13276139","1103678","1004","10.9","","","","","","",""
"13276161","1103678","1109","1.65","","","","","","",""
"13276188","1103678","1265","1.73","","","","","","",""
"13276145","1103678","1058","0","","","","","","",""
"13276181","1103678","1258","2.279","","","","","","",""
"13276153","1103678","1093","735","","","","","","",""
"13276149","1103678","1089","6.28","","","","","","",""
"13276154","1103678","1095","0.22","","","","","","",""
"13276166","1103678","1162","0.9","","","","","","",""
"13276191","1103678","1269","0.629","","","","","","",""
"13276163","1103678","1120","0","","","","","","",""
"13276155","1103678","1098","0.251","","","","","","",""
"13276171","1103678","1177","0","","","","","","",""
"13276198","1103678","1278","0","","","","","","",""
"13276150","1103678","1090","4","","","","","","",""
"13276141","1103678","1008","116","","","","","","",""
"13276195","1103678","1275","0.15","","","","","","",""
"13276159","1103678","1107","198","","","","","","",""
"13276148","1103678","1087","88","","","","","","",""
"13277440","1103698","1005","4.67","","","","","","",""
"13277471","1103698","1177","15","","","","","","",""
"13277462","1103698","1114","0","","","","","","",""
"13277438","1103698","1003","1.19","","","","","","",""
"13277477","1103698","1190","15","","","","","","",""
"13277454","1103698","1095","0.15","","","","","","",""
"13277498","1103698","1278","0.001","","","","","","",""
"13277476","1103698","1187","15","","","","","","",""
"13277489","1103698","1266","0.172","","","","","","",""
"13277449","1103698","1089","0.33","","","","","","",""
"13277470","1103698","1175","0.061","","","","","","",""
"13277493","1103698","1271","0.002","","","","","","",""
"13277490","1103698","1268","0.393","","","","","","",""
"13277479","1103698","1246","0","","","","","","",""
"13277483","1103698","1260","0.017","","","","","","",""
"13277447","1103698","1079","1","","","","","","",""
"13277484","1103698","1261","0.012","","","","","","",""
"13277502","1103698","1293","0.096","","","","","","",""
"13277451","1103698","1091","25","","","","","","",""
"13277468","1103698","1166","0.041","","","","","","",""
"13277441","1103698","1008","38","","","","","","",""
"13277481","1103698","1258","0.924","","","","","","",""
"13277478","1103698","1242","0","","","","","","",""
"13277452","1103698","1092","122","","","","","","",""
"13277480","1103698","1253","5","","","","","","",""
"13277491","1103698","1269","0.082","","","","","","",""
"13277499","1103698","1279","0","","","","","","",""
"13277472","1103698","1178","0.04","","","","","","",""
"13277496","1103698","1276","0","","","","","","",""
"13277461","1103698","1109","0.12","","","","","","",""
"13277467","1103698","1165","0.021","","","","","","",""
"13277446","1103698","2000","2.88","","","","","","",""
"13277466","1103698","1162","5.2","","","","","","",""
"13277456","1103698","1103","0.8","","","","","","",""
"13277475","1103698","1186","0","","","","","","",""
"13277457","1103698","1105","10","","","","","","",""
"13277501","1103698","1292","0.436","","","","","","",""
"13277488","1103698","1265","0.477","","","","","","",""
"13277460","1103698","1108","214","","","","","","",""
"13277453","1103698","1093","142","","","","","","",""
"13277473","1103698","1180","7.1","","","","","","",""
"13277487","1103698","1264","0.144","","","","","","",""
"13277494","1103698","1272","0","","","","","","",""
"13277463","1103698","1120","0","","","","","","",""
"13277474","1103698","1185","9.5","","","","","","",""
"13277469","1103698","1167","0.4","","","","","","",""
"13277464","1103698","1122","0","","","","","","",""
"13277448","1103698","1087","23","","","","","","",""
"13277455","1103698","1098","0.039","","","","","","",""
"13277492","1103698","1270","0.008","","","","","","",""
"13277444","1103698","1057","0","","","","","","",""
"13277459","1103698","1107","474","","","","","","",""
"13277485","1103698","1262","0.033","","","","","","",""
"13277465","1103698","1123","42","","","","","","",""
"13277458","1103698","1106","59","","","","","","",""
"13277495","1103698","1275","0.029","","","","","","",""
"13277445","1103698","1058","0","","","","","","",""
"13277443","1103698","1051","91.47","","","","","","",""
"13277482","1103698","1259","0.003","","","","","","",""
"13277439","1103698","1004","1.81","","","","","","",""
"13277500","1103698","1280","0.001","","","","","","",""
"13277486","1103698","1263","0.039","","","","","","",""
"13277450","1103698","1090","9","","","","","","",""
"13277497","1103698","1277","0.002","","","","","","",""
"13277442","1103698","1018","0","","","","","","",""
"13279173","1103724","1260","0","","","","","","",""
"13279186","1103724","1276","0","","","","","","",""
"13279142","1103724","1092","101","","","","","","",""
"13279168","1103724","1242","0","","","","","","",""
"13279147","1103724","1105","0","","","","","","",""
"13279132","1103724","1018","0","","","","","","",""
"13279140","1103724","1090","28","","","","","","",""
"13279190","1103724","1280","0.001","","","","","","",""
"13279129","1103724","1004","1.37","","","","","","",""
"13279175","1103724","1262","0","","","","","","",""
"13279172","1103724","1259","0","","","","","","",""
"13279131","1103724","1008","35","","","","","","",""
"13279181","1103724","1269","0.426","","","","","","",""
"13279143","1103724","1093","527","","","","","","",""
"13279188","1103724","1278","0.04","","","","","","",""
"13279153","1103724","1120","0","","","","","","",""
"13279149","1103724","1107","71","","","","","","",""
"13279163","1103724","1180","13.3","","","","","","",""
"13279146","1103724","1103","3.2","","","","","","",""
"13279179","1103724","1266","0.083","","","","","","",""
"13279148","1103724","1106","6","","","","","","",""
"13279182","1103724","1270","0.011","","","","","","",""
"13279174","1103724","1261","0","","","","","","",""
"13279192","1103724","1293","0.484","","","","","","",""
"13279165","1103724","1186","0","","","","","","",""
"13279176","1103724","1263","0","","","","","","",""
"13279152","1103724","1114","0","","","","","","",""
"13279134","1103724","1057","0","","","","","","",""
"13279183","1103724","1271","0.006","","","","","","",""
"13279164","1103724","1185","11.9","","","","","","",""
"13279191","1103724","1292","0.417","","","","","","",""
"13279151","1103724","1109","0.37","","","","","","",""
"13279139","1103724","1089","0.85","","","","","","",""
"13279161","1103724","1177","37","","","","","","",""
"13279178","1103724","1265","0.219","","","","","","",""
"13279170","1103724","1253","6","","","","","","",""
"13279144","1103724","1095","0.62","","","","","","",""
"13279150","1103724","1108","0","","","","","","",""
"13279135","1103724","1058","0","","","","","","",""
"13279160","1103724","1175","0.038","","","","","","",""
"13279128","1103724","1003","3.71","","","","","","",""
"13279166","1103724","1187","37","","","","","","",""
"13279159","1103724","1167","1.371","","","","","","",""
"13279184","1103724","1272","0","","","","","","",""
"13279141","1103724","1091","49","","","","","","",""
"13279154","1103724","1122","0","","","","","","",""
"13279189","1103724","1279","0","","","","","","",""
"13279145","1103724","1098","0.074","","","","","","",""
"13279169","1103724","1246","0","","","","","","",""
"13279180","1103724","1268","0.388","","","","","","",""
"13279137","1103724","1079","0.2","","","","","","",""
"13279167","1103724","1190","37","","","","","","",""
"13279136","1103724","2000","0.26","","","","","","",""
"13279157","1103724","1165","0.021","","","","","","",""
"13279130","1103724","1005","2.4","","","","","","",""
"13279162","1103724","1178","0.18","","","","","","",""
"13279133","1103724","1051","89.97","","","","","","",""
"13279156","1103724","1162","1.2","","","","","","",""
"13279187","1103724","1277","0.006","","","","","","",""
"13279155","1103724","1123","52","","","","","","",""
"13279138","1103724","1087","42","","","","","","",""
"13279171","1103724","1258","0.324","","","","","","",""
"13279185","1103724","1275","0.024","","","","","","",""
"13279177","1103724","1264","0.017","","","","","","",""
"13279158","1103724","1166","0.081","","","","","","",""
