fdc_id,description,Energy,Protein,Fat,Carbohydrate,Fiber,Calcium,Phosphorus,Iron,Sodium,Potassium,Copper,Zinc,Retinol,Beta_Carotene,Thiamine,Riboflavin,Niacin,Vitamin_C
167575,"Ice creams, vanilla",207.0,3.5,11.0,23.6,0.7,128.0,105.0,0.09,80.0,199.0,0.023,0.69,116.0,19.0,0.041,0.24,0.116,0.6
167762,"Strawberries, raw",32.0,0.67,0.3,7.68,2.0,16.0,24.0,0.41,1.0,153.0,0.048,0.14,0.0,7.0,0.024,0.022,0.386,58.8
167765,"Watermelon, raw",30.0,0.61,0.15,7.55,0.4,7.0,11.0,0.24,1.0,112.0,0.042,0.1,0.0,303.0,0.033,0.021,0.178,8.1
168152,"Jujube, Chinese, fresh, dried",281.0,4.72,0.5,72.52,6.0,63.0,68.0,5.09,5.0,217.0,0.233,0.39,,,0.047,0.053,,217.6
168153,"Kiwifruit, green, raw",61.0,1.14,0.52,14.66,3.0,34.0,34.0,0.31,3.0,312.0,0.13,0.14,0.0,52.0,0.027,0.025,0.341,92.7
168233,"Pork, fresh, loin, whole, separable lean only, cooked, roasted",209.0,28.62,9.63,0.0,0.0,18.0,249.0,1.09,58.0,425.0,0.059,2.53,2.0,0.0,1.017,0.329,5.893,0.6
168394,"Balsam-pear (bitter gourd), pods, cooked, boiled, drained, without salt",19.0,0.84,0.18,4.32,2.0,9.0,36.0,0.38,6.0,319.0,0.033,0.77,0.0,68.0,0.051,0.053,0.28,33.0
168409,"Cucumber, with peel, raw",15.0,0.65,0.11,3.63,0.5,16.0,24.0,0.28,2.0,147.0,0.041,0.2,0.0,45.0,0.027,0.033,0.098,2.8
168411,"Edamame, frozen, prepared",121.0,11.91,5.2,8.91,5.2,63.0,169.0,2.27,6.0,436.0,0.345,1.37,0.0,175.0,0.2,0.155,0.915,6.1
168430,"Lotus root, cooked, boiled, drained, without salt",66.0,1.58,0.07,16.02,3.1,26.0,78.0,0.9,45.0,363.0,0.217,0.33,0.0,0.0,0.127,0.01,0.3,27.4
168451,"Radishes, oriental, raw",18.0,0.6,0.1,4.1,1.6,27.0,23.0,0.4,21.0,227.0,0.115,0.15,0.0,0.0,0.02,0.02,0.2,22.0
168457,"Seaweed, kelp, raw",43.0,1.68,0.56,9.57,1.3,168.0,42.0,2.85,233.0,89.0,0.13,1.23,0.0,70.0,0.05,0.15,0.47,3.0
168463,"Spinach, cooked, boiled, drained, without salt",23.0,2.97,0.26,3.75,2.4,136.0,56.0,3.57,70.0,466.0,0.174,0.76,0.0,6288.0,0.095,0.236,0.49,9.8
168483,"Sweet potato, cooked, baked in skin, flesh, without salt",90.0,2.01,0.15,20.71,3.3,38.0,54.0,0.69,36.0,475.0,0.161,0.32,0.0,11509.0,0.107,0.106,1.487,19.6
168878,"Rice, white, long-grain, regular, enriched, cooked",130.0,2.69,0.28,28.17,0.4,10.0,43.0,1.2,1.0,35.0,0.069,0.49,0.0,0.0,0.163,0.013,1.476,0.0
168907,"Noodles, japanese, soba, cooked",99.0,5.06,0.1,21.44,,4.0,25.0,0.48,60.0,35.0,0.008,0.12,0.0,,0.094,0.026,0.51,0.0
168917,"Quinoa, cooked",120.0,4.4,1.92,21.3,2.8,17.0,152.0,1.49,7.0,172.0,0.192,1.09,0.0,3.0,0.107,0.11,0.412,0.0
169086,"Litchis, raw",66.0,0.83,0.44,16.53,1.3,5.0,31.0,0.31,1.0,171.0,0.148,0.07,0.0,0.0,0.011,0.065,0.603,71.5
169089,"Longans, raw",60.0,1.31,0.1,15.14,1.1,1.0,21.0,0.13,0.0,266.0,0.169,0.05,,,0.031,0.14,0.3,84.0
169097,"Oranges, raw, all commercial varieties",47.0,0.94,0.12,11.75,2.4,40.0,14.0,0.1,0.0,181.0,0.045,0.07,0.0,71.0,0.087,0.04,0.282,53.2
169098,"Orange juice, raw (Includes foods for USDA's Food Distribution Program)",45.0,0.7,0.2,10.4,0.2,11.0,17.0,0.2,1.0,200.0,0.044,0.05,0.0,33.0,0.09,0.03,0.4,50.0
169118,"Pears, raw",57.0,0.36,0.14,15.23,3.1,9.0,12.0,0.18,1.0,116.0,0.082,0.1,0.0,14.0,0.012,0.026,0.161,4.3
169124,"Pineapple, raw, all varieties",50.0,0.54,0.12,13.12,1.4,13.0,8.0,0.29,1.0,109.0,0.11,0.12,0.0,35.0,0.079,0.032,0.5,47.8
169210,"Bamboo shoots, raw",27.0,2.6,0.3,5.2,2.2,13.0,59.0,0.5,4.0,533.0,0.19,1.1,0.0,12.0,0.15,0.07,0.6,4.0
169229,"Eggplant, cooked, boiled, drained, without salt",35.0,0.83,0.23,8.73,2.5,6.0,15.0,0.25,1.0,123.0,0.059,0.12,0.0,22.0,0.076,0.02,0.6,1.3
169230,"Garlic, raw",149.0,6.36,0.5,33.06,2.1,181.0,153.0,1.7,17.0,401.0,0.299,1.16,0.0,5.0,0.2,0.11,0.7,31.2
169238,"Kale, cooked, boiled, drained, without salt",36.0,2.94,1.21,5.3,4.0,150.0,42.0,0.84,16.0,144.0,0.067,0.27,0.0,1731.0,0.063,0.14,0.457,17.8
169242,"Mushrooms, shiitake, raw",34.0,2.24,0.49,6.79,2.5,2.0,112.0,0.41,9.0,304.0,0.142,1.03,,,0.015,0.217,3.877,
169247,"Lettuce, cos or romaine, raw",17.0,1.23,0.3,3.29,2.1,33.0,30.0,0.97,8.0,247.0,0.048,0.23,0.0,5226.0,0.072,0.067,0.313,4.0
169250,"Lotus root, raw",74.0,2.6,0.1,17.23,4.9,45.0,100.0,1.16,40.0,556.0,0.257,0.39,0.0,0.0,0.16,0.22,0.4,44.0
169252,"Mushrooms, white, cooked, boiled, drained, without salt",28.0,2.17,0.47,5.29,2.2,6.0,87.0,1.74,2.0,356.0,0.504,0.87,0.0,0.0,0.073,0.3,4.46,4.0
169292,"Squash, summer, zucchini, includes skin, cooked, boiled, drained, without salt",15.0,1.14,0.36,2.69,1.0,18.0,37.0,0.37,3.0,264.0,0.052,0.33,0.0,670.0,0.035,0.024,0.51,12.9
169700,"Couscous, cooked",112.0,3.79,0.16,23.22,1.4,8.0,22.0,0.38,5.0,58.0,0.041,0.26,0.0,0.0,0.063,0.027,0.983,0.0
169704,"Rice, brown, long-grain, cooked (Includes foods for USDA's Food Distribution Program)",123.0,2.74,0.97,25.58,1.6,3.0,103.0,0.56,4.0,86.0,0.106,0.71,0.0,0.0,0.178,0.069,2.561,0.0
169737,"Pasta, cooked, enriched, without added salt",158.0,5.8,0.93,30.86,1.8,7.0,58.0,1.28,1.0,44.0,0.1,0.51,0.0,0.0,0.274,0.136,1.689,0.0
169910,"Mangos, raw",60.0,0.82,0.38,14.98,1.6,11.0,14.0,0.16,1.0,168.0,0.111,0.09,0.0,640.0,0.028,0.038,0.669,36.4
169928,"Peaches, yellow, raw",39.0,0.91,0.25,9.54,1.5,6.0,20.0,0.25,0.0,190.0,0.068,0.17,0.0,162.0,0.024,0.031,0.806,6.6
169941,"Persimmons, japanese, raw",70.0,0.58,0.19,18.59,3.6,8.0,17.0,0.15,1.0,161.0,0.113,0.11,0.0,253.0,0.03,0.02,0.1,7.5
169957,"Mung beans, mature seeds, sprouted, raw",30.0,3.04,0.18,5.94,1.8,13.0,54.0,0.91,6.0,149.0,0.164,0.41,0.0,6.0,0.084,0.124,0.749,13.2
169967,"Broccoli, cooked, boiled, drained, without salt",35.0,2.38,0.41,7.18,3.3,40.0,67.0,0.67,41.0,293.0,0.061,0.45,0.0,929.0,0.063,0.123,0.553,64.9
169974,"Burdock root, raw",72.0,1.53,0.15,17.34,3.3,41.0,51.0,0.8,5.0,308.0,0.077,0.33,0.0,0.0,0.01,0.03,0.3,3.0
169976,"Cabbage, cooked, boiled, drained, without salt",23.0,1.27,0.06,5.51,1.9,48.0,33.0,0.17,8.0,196.0,0.017,0.2,0.0,48.0,0.061,0.038,0.248,37.5
169999,"Corn, sweet, yellow, cooked, boiled, drained, without salt",96.0,3.41,1.5,20.98,2.4,3.0,77.0,0.45,1.0,218.0,0.049,0.62,0.0,66.0,0.093,0.057,1.683,5.5
170001,"Onions, cooked, boiled, drained, without salt",44.0,1.36,0.19,10.15,1.4,22.0,35.0,0.24,3.0,166.0,0.067,0.21,0.0,1.0,0.042,0.023,0.165,5.2
170108,"Peppers, sweet, red, raw",26.0,0.99,0.3,6.03,2.1,7.0,26.0,0.43,4.0,211.0,0.017,0.25,0.0,1624.0,0.054,0.085,0.979,127.7
170187,"Nuts, walnuts, english",654.0,15.23,65.21,13.71,6.7,98.0,346.0,2.91,2.0,441.0,1.586,3.09,0.0,12.0,0.341,0.15,1.125,1.3
170273,"Chocolate, dark, 70-85% cacao solids",598.0,7.79,42.63,45.9,10.9,73.0,308.0,11.9,20.0,715.0,1.766,3.31,,19.0,0.034,0.078,1.054,
170317,"Pizza, cheese topping, regular crust, frozen, cooked",268.0,10.36,12.28,29.02,2.2,179.0,179.0,2.27,447.0,152.0,0.227,1.32,58.0,88.0,0.211,0.258,2.196,1.2
170391,"Cabbage, chinese (pak-choi), cooked, boiled, drained, without salt",12.0,1.56,0.16,1.78,1.0,93.0,29.0,1.04,34.0,371.0,0.019,0.17,0.0,2549.0,0.032,0.063,0.428,26.0
170392,"Cabbage, kimchi",15.0,1.1,0.5,2.4,1.6,33.0,24.0,2.5,498.0,151.0,0.024,0.22,0.0,55.0,0.01,0.21,1.1,0.0
170394,"Carrots, cooked, boiled, drained, without salt",35.0,0.76,0.18,8.22,3.0,30.0,30.0,0.34,58.0,235.0,0.017,0.2,0.0,8332.0,0.066,0.044,0.645,3.6
170440,"Potatoes, boiled, cooked without skin, flesh, without salt",86.0,1.71,0.1,20.01,1.8,8.0,40.0,0.31,5.0,328.0,0.167,0.27,0.0,1.0,0.098,0.019,1.312,7.4
170457,"Tomatoes, red, ripe, raw, year round average",18.0,0.88,0.2,3.89,1.2,10.0,24.0,0.27,5.0,237.0,0.059,0.17,0.0,449.0,0.037,0.019,0.594,13.7
170475,"Waxgourd, (chinese preserving melon), cooked, boiled, drained, without salt",14.0,0.4,0.2,3.04,1.0,18.0,17.0,0.38,107.0,5.0,0.022,0.59,0.0,0.0,0.034,0.001,0.384,10.5
170496,"Seaweed, wakame, raw",45.0,3.03,0.64,9.14,0.5,150.0,80.0,2.18,872.0,50.0,0.284,0.38,0.0,216.0,0.06,0.23,1.6,3.0
170554,"Seeds, chia seeds, dried",486.0,16.54,30.74,42.12,34.4,631.0,860.0,7.72,16.0,407.0,0.924,4.58,,,0.62,0.17,8.83,1.6
170567,"Nuts, almonds",579.0,21.15,49.93,21.55,12.5,269.0,481.0,3.71,1.0,733.0,1.031,3.12,0.0,1.0,0.205,1.138,3.618,0.0
170686,"Buckwheat groats, roasted, cooked",92.0,3.38,0.62,19.94,2.7,7.0,70.0,0.8,4.0,88.0,0.146,0.61,0.0,0.0,0.04,0.039,0.94,0.0
170693,"Fast foods, hamburger; single, regular patty; plain",297.0,16.52,12.01,31.5,1.7,62.0,134.0,3.06,331.0,197.0,0.121,2.52,8.0,15.0,0.317,0.363,5.617,0.0
170698,"Fast foods, potato, french fried in vegetable oil",312.0,3.43,14.73,41.44,3.8,18.0,125.0,0.81,210.0,579.0,0.124,0.5,0.0,0.0,0.17,0.039,3.004,4.7
170894,"Yogurt, Greek, plain, nonfat (Includes foods for USDA's Food Distribution Program)",59.0,10.19,0.39,3.6,0.0,110.0,135.0,0.07,36.0,141.0,0.017,0.52,1.0,0.0,0.023,0.278,0.208,0.0
171265,"Milk, whole, 3.25% milkfat, with added vitamin D",61.0,3.15,3.25,4.8,0.0,113.0,84.0,0.03,43.0,132.0,0.025,0.37,45.0,7.0,0.046,0.169,0.089,0.0
171269,"Milk, nonfat, fluid, with added vitamin A and vitamin D (fat free or skim)",34.0,3.37,0.08,4.96,0.0,122.0,101.0,0.03,42.0,156.0,0.013,0.42,61.0,0.0,0.045,0.182,0.094,0.0
171284,"Yogurt, plain, whole milk",61.0,3.47,3.25,4.66,0.0,121.0,95.0,0.05,46.0,155.0,0.009,0.59,27.0,5.0,0.029,0.142,0.075,0.5
171413,"Oil, olive, salad or cooking",884.0,0.0,100.0,0.0,0.0,1.0,0.0,0.56,2.0,1.0,0.0,0.0,0.0,0.0,0.0,0.0,0.0,0.0
171477,"Chicken, broilers or fryers, breast, meat only, cooked, roasted",165.0,31.02,3.57,0.0,0.0,15.0,228.0,1.04,74.0,256.0,0.049,1.0,6.0,0.0,0.07,0.114,13.712,0.0
171688,"Apples, raw, with skin (Includes foods for USDA's Food Distribution Program)",52.0,0.26,0.17,13.81,2.4,6.0,11.0,0.12,1.0,107.0,0.027,0.04,0.0,27.0,0.017,0.026,0.091,4.6
171705,"Avocados, raw, all commercial varieties",160.0,2.0,14.66,8.53,6.7,12.0,52.0,0.55,7.0,485.0,0.19,0.64,0.0,62.0,0.067,0.13,1.738,10.0
171711,"Blueberries, raw",57.0,0.74,0.33,14.49,2.4,6.0,12.0,0.28,1.0,77.0,0.057,0.16,0.0,32.0,0.037,0.041,0.418,9.7
171791,"Beef, ground, 95% lean meat / 5% fat, patty, cooked, broiled",174.0,26.29,6.8,0.0,0.0,7.0,206.0,2.83,65.0,347.0,0.096,6.43,3.0,0.0,0.042,0.176,5.939,0.0
171844,"Bread, chapati or roti, plain, commercially prepared",297.0,11.25,7.45,46.36,4.9,93.0,184.0,3.01,409.0,266.0,0.252,1.57,,,0.55,0.2,6.78,
171845,"Bread, naan, plain, commercially prepared, refrigerated",291.0,9.62,5.65,50.43,2.2,84.0,100.0,3.25,465.0,125.0,0.129,0.81,,,0.78,0.51,5.84,
171890,"Beverages, coffee, brewed, prepared with tap water",1.0,0.12,0.02,0.0,0.0,2.0,3.0,0.01,2.0,49.0,0.002,0.02,0.0,0.0,0.014,0.076,0.191,0.0
171917,"Beverages, tea, green, brewed, regular",1.0,0.22,0.0,0.0,0.0,0.0,0.0,0.02,1.0,8.0,0.004,0.01,0.0,0.0,0.007,0.058,0.03,0.0
171956,"Fish, cod, Atlantic, cooked, dry heat",105.0,22.83,0.86,0.0,0.0,14.0,138.0,0.49,78.0,244.0,0.036,0.58,14.0,0.0,0.088,0.079,2.513,1.0
172179,"Cheese, cottage, creamed, large or small curd",98.0,11.12,4.3,3.38,0.0,83.0,159.0,0.07,315.0,104.0,0.029,0.4,36.0,12.0,0.027,0.163,0.099,0.0
172183,"Egg, white, raw, fresh",52.0,10.9,0.17,0.73,0.0,7.0,15.0,0.08,166.0,163.0,0.023,0.03,0.0,0.0,0.004,0.439,0.105,0.0
172388,"Chicken, broilers or fryers, thigh, meat only, cooked, roasted",179.0,24.76,8.15,0.0,0.0,9.0,230.0,1.13,106.0,269.0,0.067,1.92,8.0,0.0,0.096,0.218,6.208,0.0
172421,"Lentils, mature seeds, cooked, boiled, without salt",116.0,9.02,0.38,20.13,7.9,19.0,180.0,3.33,2.0,369.0,0.251,1.27,0.0,5.0,0.169,0.073,1.06,1.5
172438,"Refried beans, canned, traditional style",90.0,4.98,2.01,13.55,3.7,29.0,92.0,1.44,370.0,319.0,0.129,0.58,0.0,0.0,0.076,0.079,0.367,6.0
172442,Miso,198.0,12.79,6.01,25.37,5.4,57.0,159.0,2.49,3728.0,210.0,0.42,2.56,0.0,52.0,0.098,0.233,0.906,0.0
172443,Natto,211.0,19.4,11.0,12.68,5.4,217.0,174.0,8.6,7.0,729.0,0.667,3.03,0.0,0.0,0.16,0.19,0.0,13.0
172455,"Falafel, home-prepared",333.0,13.31,17.8,31.84,,54.0,192.0,3.42,294.0,585.0,0.258,1.5,0.0,,0.146,0.166,1.044,1.6
172475,"Tofu, raw, firm, prepared with calcium sulfate",144.0,17.27,8.72,2.78,2.3,683.0,190.0,2.66,14.0,237.0,0.378,1.57,,,0.158,0.102,0.381,0.2
172688,"Bread, whole-wheat, commercially prepared",252.0,12.45,3.5,42.71,6.0,161.0,212.0,2.47,455.0,254.0,0.227,1.77,0.0,2.0,0.394,0.167,4.438,0.0
173032,"Goji berries, dried",349.0,14.26,0.39,77.06,13.0,190.0,,6.8,298.0,,,,,,,,,48.4
173227,"Beverages, tea, black, brewed, prepared with tap water",1.0,0.0,0.0,0.3,0.0,0.0,1.0,0.02,3.0,37.0,0.01,0.02,0.0,0.0,0.0,0.014,0.0,0.0
173412,"Butter oil, anhydrous",876.0,0.28,99.48,0.0,0.0,4.0,3.0,0.0,2.0,5.0,0.001,0.01,824.0,193.0,0.001,0.005,0.003,0.0
173414,"Cheese, cheddar (Includes foods for USDA's Food Distribution Program)",403.0,22.87,33.31,3.37,0.0,710.0,455.0,0.14,653.0,76.0,0.03,3.64,330.0,85.0,0.029,0.428,0.059,0.0
173420,"Cheese, feta",265.0,14.21,21.49,3.88,0.0,493.0,337.0,0.65,1139.0,62.0,0.032,2.88,125.0,3.0,0.154,0.844,0.991,0.0
173424,"Egg, whole, cooked, hard-boiled",155.0,12.58,10.61,1.12,0.0,50.0,172.0,1.19,124.0,126.0,0.013,1.05,148.0,11.0,0.066,0.513,0.064,0.0
173430,"Butter, without salt",717.0,0.85,81.11,0.06,0.0,24.0,24.0,0.02,11.0,24.0,0.016,0.09,671.0,158.0,0.005,0.034,0.042,0.0
173709,"Fish, tuna, light, canned in water, drained solids (Includes foods for USDA's Food Distribution Program)",86.0,19.44,0.96,0.0,0.0,17.0,139.0,1.63,247.0,179.0,0.05,0.69,17.0,0.0,0.03,0.084,10.136,0.0
173735,"Beans, black, mature seeds, cooked, boiled, without salt",132.0,8.86,0.54,23.71,8.7,27.0,140.0,2.1,1.0,355.0,0.209,1.12,0.0,0.0,0.244,0.059,0.505,0.0
173740,"Beans, kidney, all types, mature seeds, cooked, boiled, without salt",127.0,8.67,0.5,22.8,6.4,35.0,138.0,2.22,1.0,405.0,0.216,1.0,0.0,0.0,0.16,0.058,0.578,1.2
173757,"Chickpeas (garbanzo beans, bengal gram), mature seeds, cooked, boiled, without salt",164.0,8.86,2.59,27.42,7.6,49.0,168.0,2.89,7.0,291.0,0.352,1.53,0.0,16.0,0.116,0.063,0.526,1.3
173905,"Cereals, oats, regular and quick, unenriched, cooked with water (includes boiling and microwaving), without salt",71.0,2.54,1.52,12.0,1.7,9.0,77.0,0.9,4.0,70.0,0.074,1.0,0.0,0.0,0.076,0.016,0.225,0.0
173933,"Apple juice, canned or bottled, unsweetened, without added ascorbic acid",46.0,0.1,0.13,11.3,0.2,8.0,7.0,0.12,4.0,101.0,0.012,0.02,0.0,0.0,0.021,0.017,0.073,0.9
173944,"Bananas, raw",89.0,1.09,0.33,22.84,2.6,5.0,22.0,0.26,1.0,358.0,0.078,0.15,0.0,26.0,0.031,0.073,0.665,8.7
174266,"Peanut butter, smooth style, with salt (Includes foods for USDA's Food Distribution Program)",598.0,22.21,51.36,22.31,5.0,49.0,335.0,1.74,426.0,558.0,0.422,2.51,0.0,0.0,0.15,0.192,13.112,0.0
174272,Tempeh,192.0,20.29,10.8,7.64,,111.0,266.0,2.7,9.0,412.0,0.56,1.14,0.0,,0.078,0.358,2.64,0.0
174277,Soy sauce made from soy and wheat (shoyu),53.0,8.14,0.57,4.93,0.8,33.0,166.0,1.45,5493.0,435.0,0.043,0.87,0.0,0.0,0.033,0.165,2.196,0.0
174289,"Hummus, commercial",237.0,7.78,17.82,15.0,5.5,47.0,181.0,2.54,426.0,312.0,0.377,1.44,0.0,12.0,0.16,0.127,1.024,0.0
174524,"Sauce, salsa, ready-to-serve",29.0,1.52,0.17,6.64,1.9,30.0,33.0,0.42,711.0,275.0,0.066,0.18,0.0,276.0,0.033,0.032,1.091,1.9
174536,"Soup, chicken broth, ready-to-serve",6.0,0.64,0.21,0.44,0.0,4.0,4.0,0.07,371.0,18.0,0.015,0.07,0.0,1.0,0.021,0.059,0.219,0.0
174683,"Grapes, red or green (European type, such as Thompson seedless), raw",69.0,0.72,0.16,18.1,0.9,10.0,20.0,0.36,2.0,191.0,0.127,0.07,0.0,39.0,0.069,0.07,0.188,3.2
174832,"Beverages, almond milk, unsweetened, shelf stable",15.0,0.4,0.96,1.31,0.2,184.0,9.0,0.28,72.0,67.0,0.02,0.06,0.0,0.0,0.0,0.01,0.07,0.0
174915,"Bread, pita, white, enriched",275.0,9.1,1.2,55.7,2.2,86.0,97.0,2.62,536.0,120.0,0.168,0.84,0.0,0.0,0.599,0.327,4.632,0.0
174924,"Bread, white, commercially prepared (includes soft bread crumbs)",266.0,8.85,3.33,49.42,2.7,144.0,98.0,3.61,490.0,126.0,0.101,0.74,0.0,0.0,0.533,0.243,4.78,0.0
175036,"Tortillas, ready-to-bake or -fry, corn",218.0,5.7,2.85,44.64,6.3,81.0,314.0,1.23,45.0,186.0,0.154,1.31,0.0,1.0,0.094,0.065,1.498,0.0
175103,"Beverages, water, tap, municipal",0.0,0.0,0.0,0.0,0.0,3.0,0.0,0.0,3.0,1.0,0.009,0.0,0.0,0.0,0.0,0.0,0.0,0.0
175119,"Fish, mackerel, Atlantic, raw",205.0,18.6,13.89,0.0,0.0,12.0,217.0,1.63,90.0,314.0,0.073,0.63,50.0,0.0,0.176,0.312,9.08,0.4
175163,"Fish, yellowtail, mixed species, raw",146.0,23.14,5.24,0.0,0.0,23.0,157.0,0.49,39.0,420.0,0.045,0.52,29.0,,0.144,0.04,6.8,2.8
175168,"Fish, salmon, Atlantic, farmed, cooked, dry heat",206.0,22.1,12.35,0.0,0.0,15.0,252.0,0.34,61.0,384.0,0.049,0.43,69.0,0.0,0.34,0.135,8.045,3.7
175180,"Crustaceans, shrimp, cooked",99.0,23.98,0.28,0.2,,70.0,237.0,0.51,111.0,259.0,0.379,1.64,,,,,,
175215,"Soymilk (all flavors), unsweetened, with added calcium, vitamins A and D",33.0,2.86,1.61,1.74,0.5,124.0,32.0,0.46,37.0,120.0,0.082,,,,0.154,0.207,0.165,0.0
